movie_wikipedia_id,book_wikidata_id
2205704,Q480
7379134,Q480
10117133,Q480
16233994,Q480
21447227,Q480
18920019,Q480
2969247,Q844
317647,Q844
166121,Q844
12252836,Q844
268833,Q844
156644,Q844
449547,Q844
6446036,Q844
10736919,Q1834
15912738,Q1834
29133741,Q1834
31207021,Q2222
36181791,Q2222
2804704,Q2870
24407246,Q4347
18735140,Q4347
24408141,Q4347
24407831,Q4347
24407182,Q4347
1064199,Q4784
21282769,Q2515
23820796,Q6511
24532496,Q6511
3369664,Q8275
242821,Q6911
21138275,Q6911
2205317,Q8258
2646805,Q8258
1649568,Q9184
36534974,Q9184
25176831,Q11829
4406314,Q11829
14788012,Q8258
27223546,Q11829
8785217,Q11880
11692389,Q11880
24862569,Q11880
76361,Q11831
33641119,Q11831
9644100,Q11831
10440784,Q11831
8055027,Q11831
8055250,Q11831
31323924,Q11831
26149260,Q12098
323715,Q8275
28826778,Q8275
2711926,Q8275
2254896,Q8275
31186339,Q11678
28740531,Q11336
7995974,Q16438
35771658,Q11859
10721471,Q11859
3677015,Q13912
2281450,Q13911
30857702,Q16438
27675112,Q16438
9574954,Q27321
3564394,Q22726
518687,Q22726
73497,Q18813
35406039,Q18796
5028461,Q18813
32314211,Q28172
43452,Q24323
9535065,Q26085
7668793,Q25551
1937414,Q25338
6446053,Q26541
15912142,Q26505
4084601,Q36097
29870577,Q37293
19596986,Q37293
22216,Q35160
3135310,Q35160
2711926,Q35160
13264461,Q35160
18361148,Q35160
23764067,Q38793
2681496,Q38213
30624551,Q29478
1591226,Q29478
16337176,Q32136
35581555,Q31285
21447563,Q29478
337740,Q41542
2280366,Q41542
27383411,Q41542
82423,Q41542
2199162,Q41542
1046559,Q41542
2055366,Q41542
3509741,Q41542
1048695,Q41542
651538,Q41542
8692493,Q41542
8695709,Q41542
8788175,Q41542
650540,Q41542
21193739,Q41542
4097843,Q41542
7870682,Q41542
3644034,Q41542
8668124,Q41542
8704400,Q41542
8792925,Q41542
8448350,Q41542
5792459,Q41542
667368,Q47209
858575,Q46887
1635428,Q40185
31232694,Q40205
667372,Q46751
9834441,Q46758
2696891,Q45735
31941988,Q46758
30888982,Q45192
6820503,Q45192
4092456,Q45192
5664795,Q45192
5663440,Q45192
30761608,Q45192
31159597,Q45192
31159267,Q45192
34402549,Q45192
28839700,Q45192
17578316,Q50857
1259297,Q50948
25947431,Q60220
667361,Q43361
32031763,Q43714
5798976,Q43891
10533451,Q43891
32933570,Q70784
1974576,Q70784
29747496,Q70784
2178908,Q70784
6703617,Q70784
4950989,Q70784
6309664,Q70784
12498480,Q70806
26178888,Q80038
5414895,Q70806
15125714,Q70806
31533871,Q70806
670407,Q80817
11071821,Q80771
447194,Q81240
3608663,Q81810
1908238,Q81689
25760216,Q61324
55601,Q72309
34099973,Q82737
26922095,Q82464
19308640,Q82464
8854150,Q82464
26746950,Q82464
1591226,Q82464
16194388,Q82428
204809,Q83755
33160189,Q83755
10107890,Q83797
24668194,Q83585
1930290,Q91926
13887546,Q53592
6390753,Q53592
26581256,Q53945
34763996,Q82464
15384528,Q82464
34764073,Q82464
11383001,Q91499
22806548,Q75840
2828905,Q92640
4515932,Q92582
62180,Q92640
2212695,Q92640
26209823,Q92640
5576958,Q92640
33593619,Q92640
212265,Q92640
31625764,Q95159
3671146,Q120288
17102867,Q119567
535453,Q119567
1488066,Q127149
1988806,Q127149
253511,Q117182
32233292,Q116122
7766704,Q112407
4138142,Q95029
25085416,Q106199
561315,Q130295
8711666,Q130295
3062551,Q130295
35771658,Q130295
20761031,Q130295
26057593,Q135515
11654754,Q140527
905409,Q140527
33146132,Q140527
28103347,Q140527
32492005,Q140527
27260560,Q140527
31790182,Q140527
4530423,Q140527
20951393,Q144569
28088301,Q138746
1582661,Q140527
12767159,Q140036
4316523,Q140527
28397585,Q140527
4968653,Q140527
26903632,Q140527
10691130,Q140016
13632871,Q140527
33872912,Q140527
24929382,Q137629
6138703,Q137308
15708208,Q137869
32832973,Q147787
11501271,Q147787
7364229,Q147787
8164826,Q147787
22268648,Q147787
10993685,Q146866
1059195,Q147787
24614652,Q146866
8936644,Q147787
18163650,Q147787
10993679,Q146866
10993682,Q146866
2613497,Q140793
28856125,Q144344
35883801,Q144344
4696764,Q140527
23687804,Q140527
5305695,Q140527
17652921,Q140527
12135919,Q152629
1374349,Q151919
34847418,Q152267
31953413,Q151883
4334606,Q150827
4705518,Q149993
33367792,Q151883
3644025,Q150827
73488,Q150827
442647,Q150827
1246394,Q150827
4037159,Q150827
2206376,Q150827
4896153,Q150827
1853749,Q150827
1785123,Q150827
8263211,Q150827
25913793,Q150827
4744688,Q150827
13947013,Q150827
34071817,Q150827
34890118,Q150827
36051342,Q164974
16247804,Q164974
16435078,Q164974
1219464,Q164974
18848055,Q153935
4836572,Q164974
19078391,Q164974
626916,Q164974
3803778,Q164883
2507687,Q164974
568666,Q163297
6727572,Q164974
6167400,Q164974
34998463,Q164974
17082393,Q163297
3082268,Q165318
20053106,Q165318
3680813,Q165520
23554647,Q165318
20777702,Q165318
3644538,Q165318
8612245,Q165318
22228417,Q165318
32358869,Q165318
36393278,Q165318
31025147,Q165318
9879767,Q165599
24174272,Q165318
28651451,Q165318
2649257,Q170583
1137578,Q170583
2649312,Q170583
2312056,Q170583
28368738,Q174596
29331842,Q174596
2122881,Q174596
18082866,Q174596
9782429,Q174596
16291052,Q174596
33029735,Q180736
1261542,Q180736
29822670,Q180736
21958457,Q180736
22810161,Q180736
18214445,Q180736
34515864,Q180736
22554371,Q180736
310436,Q180736
6243001,Q180736
5649709,Q181488
4077406,Q181488
23594997,Q181488
27947310,Q181488
5788437,Q172850
26790467,Q182961
20224734,Q182961
2648908,Q182961
2648856,Q182961
2648891,Q182961
1365505,Q183157
14373330,Q183157
2648735,Q182961
5266380,Q182961
20344778,Q183157
4903470,Q182961
5266424,Q182961
5794648,Q182502
23877330,Q169632
4791264,Q167906
1355085,Q169976
3840504,Q161531
2792417,Q161531
24180195,Q162235
28147761,Q179500
5813580,Q183565
5814148,Q183565
16658874,Q183565
5813769,Q183565
5813912,Q183565
1571097,Q185449
3239688,Q176470
23315698,Q178688
5344873,Q177487
24507760,Q178791
5422935,Q189811
32375661,Q188538
71415,Q190192
5230876,Q189811
20672258,Q191540
15470182,Q191380
1906459,Q191380
2975263,Q191380
2119021,Q191663
1591226,Q191380
402890,Q191380
4493967,Q191380
26198830,Q191380
19206451,Q191380
22798178,Q191380
17852005,Q191380
22798272,Q191380
8758843,Q185118
18625691,Q185118
23933831,Q185118
5189701,Q185118
5482994,Q185118
14592879,Q185118
21057974,Q185118
31581655,Q185118
10874751,Q185118
35883712,Q185118
61498,Q189811
7764924,Q189811
6805971,Q189811
29190660,Q189811
14277334,Q189378
5498919,Q189509
4647640,Q191949
4717522,Q200920
6900622,Q193417
23224691,Q192649
217819,Q193417
2095475,Q193417
15896033,Q193417
12273809,Q193417
33945312,Q193417
25907722,Q193417
9871454,Q191838
872497,Q191838
31608273,Q191838
4578771,Q191838
31025498,Q191838
28846223,Q191838
20152983,Q191838
33080028,Q191838
17828310,Q191838
34236028,Q191838
28103324,Q191838
7193964,Q191838
33498414,Q202975
23748828,Q202975
3823100,Q202975
29730492,Q202975
8683345,Q202975
14428739,Q202975
15112404,Q202975
31949635,Q202975
3684140,Q202975
10831021,Q202975
10707155,Q202975
9718646,Q207332
173941,Q208002
28373924,Q208622
4592959,Q207332
97758,Q206870
11077335,Q206870
4744645,Q206503
3671995,Q197243
8534163,Q194551
14254136,Q208460
2360464,Q208460
3672796,Q217352
8154771,Q217352
8763366,Q217352
2539442,Q217352
4851941,Q217352
4607980,Q212340
535335,Q213019
21678052,Q212473
10225485,Q211927
14705923,Q212495
25045707,Q213019
9281317,Q213019
18080137,Q213019
1982322,Q213019
22932514,Q213019
6411396,Q212495
10225164,Q211927
32310155,Q213019
10839638,Q219552
10839214,Q219552
10839407,Q219552
5334557,Q217352
2490751,Q217352
144774,Q217352
7120714,Q217352
2331380,Q214132
30951080,Q214371
7733814,Q214371
2313467,Q214132
6744353,Q214132
5105287,Q214132
7756743,Q214371
7757030,Q214371
33740907,Q214132
13572405,Q214132
7757334,Q214371
32677131,Q217352
27880897,Q217352
9879858,Q217352
3043270,Q217352
62180,Q220331
5576958,Q220331
212265,Q220331
1432855,Q210784
5724079,Q210784
4326162,Q210784
24691852,Q210784
2654186,Q218156
9617369,Q219457
9022958,Q219552
567508,Q219457
2257358,Q219552
34921126,Q219552
20963952,Q219457
29294553,Q219457
15296595,Q219552
15846302,Q219457
20119087,Q219457
24227498,Q215410
4350811,Q215983
10515970,Q217073
7514868,Q215410
29445957,Q215894
16673001,Q215410
30816560,Q215410
14222062,Q215410
28421266,Q215410
2638362,Q223880
24198818,Q223880
2654649,Q223880
20493792,Q224078
24884713,Q228119
20004559,Q232055
28272795,Q232153
105872,Q223880
871318,Q223688
30578175,Q238652
35702217,Q240617
13654305,Q235795
15100596,Q235795
2466773,Q243556
73875,Q243556
129644,Q243556
1880546,Q243556
8913555,Q241348
18409652,Q246436
97732,Q248096
3442415,Q247372
3822528,Q246732
18702162,Q223131
16160462,Q223131
18060610,Q223131
36017252,Q249242
30655401,Q248096
31880057,Q248096
2511602,Q251604
2480504,Q245194
29832307,Q245194
20877724,Q245847
17188716,Q245738
7189526,Q245194
19187604,Q245194
23720411,Q245194
19524001,Q245194
752155,Q268078
594219,Q268796
473253,Q268796
35295748,Q271697
14339420,Q271697
9358839,Q271697
20156384,Q271697
7696753,Q271764
7873210,Q271764
31347856,Q271764
22605967,Q250125
2071077,Q250123
308856,Q272506
1673325,Q272506
2957019,Q272506
308930,Q272506
8602643,Q272506
1591226,Q272506
16252026,Q272506
4029751,Q272506
1271371,Q272506
4121318,Q272506
11185511,Q272506
1202035,Q272506
2213107,Q274744
29176668,Q274744
21275415,Q261281
20181213,Q261281
4908352,Q261281
4646185,Q259168
17405162,Q268545
33042258,Q268545
8804043,Q268545
142426,Q274744
9979,Q266232
26551300,Q264757
2917039,Q265954
24915299,Q265546
4908353,Q264519
31009301,Q265546
5396289,Q252283
18149943,Q271697
2592742,Q253451
35295554,Q271697
10539303,Q271697
3434688,Q253925
25837529,Q271697
3340222,Q275880
5533243,Q284395
1794176,Q285209
12982230,Q284839
68047,Q305415
5479128,Q316826
9075293,Q286725
6251539,Q288020
1438861,Q286725
30830501,Q291328
21653695,Q289484
28025756,Q288020
1976777,Q291087
22265682,Q291328
6241797,Q288020
22946438,Q289770
23126212,Q287838
19062669,Q322156
5566250,Q321047
22332305,Q279676
3628560,Q278208
3097826,Q279676
7122662,Q276022
14149346,Q311449
1241597,Q314266
61519,Q308918
4902239,Q306619
7077556,Q308918
35771658,Q316069
14153517,Q313129
31189608,Q308918
4205606,Q323146
516463,Q332581
174251,Q332581
173944,Q332388
22274150,Q331656
3640544,Q333179
10332103,Q333179
28925569,Q331228
32508800,Q331106
9880146,Q371371
20699587,Q370952
3328301,Q371371
4738713,Q381756
694482,Q381753
3739855,Q326914
32449230,Q329111
12248886,Q326914
27509259,Q329989
23463534,Q326914
14586918,Q326914
18317095,Q328061
1162528,Q379913
5422414,Q379449
16875572,Q379015
307690,Q379286
24890661,Q379108
10877732,Q380831
6492828,Q379449
22630088,Q393142
17367576,Q384033
28839628,Q387480
28194449,Q386293
3644720,Q384635
16586081,Q387480
17556395,Q384635
22810764,Q339761
25765787,Q339761
154790,Q335315
23772138,Q339761
18832483,Q335315
21079738,Q336056
34025191,Q336056
34254755,Q336056
21135479,Q387480
34985844,Q387480
714228,Q396602
3499096,Q396204
13211189,Q402673
1067680,Q396602
23602088,Q402673
23718902,Q396602
5123642,Q421492
6446061,Q368432
20934648,Q367732
13087370,Q354058
26632998,Q354566
5716877,Q357606
28887804,Q351933
549902,Q428581
7027409,Q423658
19522049,Q423658
35811674,Q465360
3402751,Q465395
8615612,Q466123
30952655,Q374204
9034057,Q374098
10667973,Q376235
16091743,Q373536
13793582,Q375090
34657171,Q374098
4867859,Q446612
5308985,Q446612
80499,Q429806
9318746,Q444395
1172681,Q438298
2666581,Q431524
31322542,Q442296
20589049,Q429806
7223973,Q427663
3705395,Q426600
18241669,Q426538
3227969,Q464928
6296845,Q464921
36288894,Q464928
22228792,Q478463
563176,Q453720
1588930,Q457481
7031132,Q459303
1065214,Q451831
5479998,Q459667
27588976,Q459983
6108184,Q457289
622993,Q457977
62121,Q457977
8928152,Q454163
29586011,Q459667
14704654,Q459667
4762630,Q459842
24179103,Q482085
564947,Q482085
29454281,Q461303
34465253,Q464220
29822921,Q460661
2994014,Q463108
30518659,Q460661
28334626,Q460583
35767821,Q460519
16780485,Q460583
536009,Q472026
1136182,Q472194
2296721,Q474895
15703454,Q474523
1279798,Q472026
13911693,Q472194
1443000,Q471726
32529509,Q472194
946164,Q466288
1277918,Q466605
406339,Q466708
877220,Q466708
892031,Q466504
451062,Q466790
10160738,Q467254
36449156,Q467971
877225,Q466708
174560,Q466605
21565615,Q467971
7570243,Q467225
9378717,Q468071
4846576,Q466504
2378072,Q466708
5813580,Q471005
1186616,Q470937
29561419,Q471005
5055826,Q471005
6143174,Q469690
6961461,Q470044
15843010,Q470044
7741538,Q471066
16337176,Q469969
7438948,Q471005
5776856,Q471005
14144193,Q471005
5776416,Q471005
5776001,Q471005
29558436,Q478364
30431126,Q485480
2515369,Q483034
13990745,Q483034
16439706,Q483034
8819339,Q483034
1680070,Q483034
19268144,Q476871
31322483,Q476349
25231528,Q475589
24665904,Q476871
2880294,Q477508
21234681,Q477434
20994554,Q476871
36454546,Q477508
18505739,Q476871
19461317,Q476558
3588990,Q477508
35325521,Q483034
32456748,Q486602
24915299,Q500688
32181103,Q500688
23934336,Q500688
30750725,Q500688
14952561,Q501351
30753092,Q500688
21971275,Q501514
12501580,Q493574
9612710,Q493574
24490979,Q495166
15431228,Q493574
8809291,Q498561
26004759,Q498408
11436273,Q499396
21322024,Q497677
1428048,Q493574
23666739,Q493574
203841,Q492207
92684,Q488350
35291873,Q493574
33492450,Q492207
12967168,Q511143
31323938,Q510229
3630720,Q510850
1368785,Q519935
3887641,Q513036
17049621,Q513036
19096046,Q514002
8037429,Q513228
2175661,Q523076
781758,Q523076
2175640,Q523076
1971307,Q538390
3990322,Q538390
23946168,Q538390
15068907,Q538390
4918808,Q533575
8058697,Q533391
2008260,Q529329
27698678,Q531298
1821202,Q547731
21165486,Q547731
11789507,Q543773
35970614,Q543773
19096277,Q573765
16020948,Q574887
35094944,Q575813
11567914,Q576902
3793631,Q582825
24089186,Q582825
41528,Q552213
5569730,Q552815
13300665,Q551631
33899029,Q550049
35542027,Q551631
31620750,Q552238
7855965,Q551631
733927,Q585855
12663069,Q584423
3344455,Q565911
3344052,Q565911
2876631,Q569790
1367494,Q565638
4074374,Q567062
3344524,Q565911
666923,Q580361
11435243,Q581236
31330546,Q582811
28862784,Q577474
6997771,Q587945
6446062,Q603310
2300167,Q604418
34062565,Q604418
963986,Q592078
8778114,Q589868
8778124,Q592078
6982498,Q589868
27939556,Q588686
1702604,Q588531
17225987,Q588531
16285552,Q589841
3746,Q605249
3511234,Q606930
4488493,Q606465
33125941,Q604418
10638528,Q606644
593921,Q615137
23850715,Q615175
2080825,Q615807
14908305,Q614551
13950959,Q612511
177835,Q612836
5274232,Q612688
1291587,Q612836
25578024,Q612836
984462,Q612836
23145939,Q613121
7803431,Q618430
31306817,Q618430
15738012,Q616817
7074043,Q596874
16408176,Q595128
21199699,Q595056
5397050,Q599309
5396840,Q599309
36306987,Q597545
1572988,Q626663
10243437,Q625923
1899307,Q625923
31448553,Q625764
12172271,Q625923
30608539,Q625923
31866958,Q625474
4899791,Q623394
2310825,Q623394
8526754,Q623394
3600424,Q622303
32312042,Q622634
28833991,Q636812
3920193,Q611689
16881835,Q628410
104643,Q627383
23624157,Q628410
3759215,Q627333
92688,Q630460
2821933,Q627333
31820610,Q630508
31475065,Q630460
583407,Q634885
25113407,Q632047
253511,Q635050
6210675,Q635918
460052,Q647167
113452,Q646668
23609525,Q647379
3116758,Q652350
32045535,Q651753
2259030,Q655296
2422739,Q655701
1367451,Q655296
14034915,Q655296
1974729,Q655296
8523165,Q657215
35796862,Q655773
17858693,Q655296
3822650,Q649013
26015065,Q649409
30750975,Q649409
33002338,Q649409
23418073,Q649409
5936873,Q671859
9524860,Q637839
12634263,Q638201
1087247,Q639072
4967070,Q640513
992827,Q640785
2998375,Q639072
6446874,Q641842
5753996,Q640513
34312501,Q640513
29288670,Q640513
21660079,Q640513
20070131,Q670637
22278175,Q673620
7426998,Q673521
80405,Q674586
4340088,Q674832
7707787,Q674832
9907253,Q674832
10554740,Q674832
3129567,Q674832
19907490,Q674832
14627188,Q674832
5073426,Q674832
18176268,Q674832
649716,Q674832
22643293,Q674832
31989369,Q674832
1228937,Q678277
23135176,Q678288
28387289,Q678288
35734905,Q678832
157481,Q659731
8744262,Q658557
30037730,Q661017
7853164,Q661017
681931,Q677978
22094548,Q682733
31975802,Q675609
27492406,Q675609
4844617,Q714064
4372744,Q667004
2234324,Q665715
7383750,Q665715
4829230,Q665715
3387839,Q700288
10450776,Q699631
28369046,Q697415
21082409,Q697260
28368552,Q697415
28368904,Q697415
4410476,Q710445
8303428,Q707502
30470501,Q710681
6199099,Q706167
27504596,Q710681
1659954,Q692557
4230540,Q688919
4241594,Q692557
2507217,Q690389
23983874,Q688919
18613593,Q692350
26669004,Q714064
26270603,Q692988
22538938,Q687432
32921465,Q694245
6641931,Q734493
646009,Q736604
339403,Q734493
22188458,Q735148
26794989,Q733498
3947408,Q734493
21107874,Q734493
20774714,Q733498
5018573,Q742226
32552640,Q741883
1336308,Q723727
1796156,Q724196
28763748,Q725752
3081811,Q723727
4693134,Q727408
25689802,Q726535
5566179,Q727408
5226874,Q751574
28210952,Q751348
27388121,Q751574
14947020,Q727911
15643852,Q728622
1119784,Q732060
11716156,Q728312
31275330,Q731461
4053005,Q752439
19175234,Q752432
20494400,Q752432
2950304,Q702957
6313273,Q700483
5480913,Q718268
19875689,Q718268
5480364,Q718268
17595417,Q715804
21410691,Q714078
17494201,Q714078
33382022,Q715800
1524835,Q717178
422269,Q741013
5222282,Q741391
226515,Q739529
4908814,Q741033
5247725,Q739529
213015,Q737910
30473269,Q741407
24046280,Q739534
9880833,Q762206
255049,Q744221
657797,Q744221
28245273,Q743180
542964,Q744536
26738876,Q744557
3194438,Q753290
20003222,Q762206
68485,Q756866
6000889,Q759329
6000549,Q759329
15469761,Q767189
28330254,Q768605
9562999,Q769001
5169996,Q769001
24491618,Q769001
9563619,Q769001
2376252,Q769001
9563125,Q769001
10101998,Q764661
25559186,Q775917
89818,Q776177
5842075,Q772435
9035887,Q770895
21673036,Q769001
26261038,Q769001
1881015,Q781341
15233254,Q780407
3342195,Q785109
3555758,Q785487
4194975,Q785255
2509613,Q785255
5777111,Q785255
13281130,Q785255
12590515,Q785255
9710686,Q750670
13438813,Q750670
12178995,Q750670
160047,Q748075
21585020,Q750670
3210646,Q788777
24161254,Q786372
19104102,Q790276
7508621,Q795340
8351040,Q795340
31251730,Q796472
1128175,Q783017
26180524,Q784226
1695534,Q816016
1854000,Q779215
3229481,Q805878
1343342,Q816528
25628297,Q816528
15739815,Q814765
1577389,Q829934
6311923,Q830643
15080022,Q833775
5541530,Q829130
4835940,Q828296
36012788,Q837140
36466069,Q837140
13235461,Q835739
3071676,Q835505
26875642,Q835081
15497901,Q836187
1844854,Q837041
33834117,Q840974
15789552,Q840974
9263575,Q840974
10566880,Q841315
5465083,Q840974
16959056,Q840974
11760799,Q826428
16182808,Q828031
17687538,Q820862
16731651,Q822690
23704867,Q822850
3367826,Q842106
8098268,Q842480
1009041,Q837283
10811554,Q846175
5696825,Q845944
32456680,Q855801
5313,Q843234
3745503,Q845106
5028212,Q845889
5028092,Q845889
51906,Q849930
286266,Q848517
13138495,Q848612
12938853,Q847642
290970,Q849701
2374501,Q846970
14998554,Q848612
7573566,Q847642
18234023,Q848612
18164604,Q848612
14343606,Q847642
23310072,Q848381
22406095,Q847426
34420393,Q869725
8775362,Q869725
14565728,Q869725
35954378,Q869725
11156557,Q869725
5537069,Q874381
9377241,Q856274
7764230,Q880092
22483319,Q880092
31811736,Q880092
35778808,Q869725
10190365,Q869725
31855039,Q869725
26921164,Q869725
7865906,Q838776
12580152,Q840085
161901,Q837934
30108218,Q838151
4632411,Q837883
93559,Q862050
21913863,Q857313
887135,Q861017
4430420,Q860909
33605542,Q859873
7367283,Q863438
1290021,Q862050
75933,Q862050
1666594,Q863037
2055559,Q862050
1356628,Q862050
8864659,Q865211
33955612,Q863438
33181037,Q862050
25162403,Q863438
8883100,Q871016
4593920,Q870551
4593958,Q870551
2711663,Q870551
31835516,Q887062
1141483,Q892658
1367183,Q886016
3667955,Q892456
23091399,Q882451
34880861,Q880796
165330,Q884454
15172134,Q913001
12639817,Q909228
22304534,Q913576
19115862,Q914123
14881404,Q907568
45481,Q901356
3030582,Q907568
1721169,Q905449
9123604,Q905112
1721255,Q905449
13702809,Q905112
6949006,Q907568
36699915,Q901384
5103545,Q905449
33196041,Q902212
35919299,Q907568
26070363,Q907568
33535579,Q907568
9446046,Q907568
30006,Q897685
8073610,Q899334
3509188,Q898433
8068462,Q898795
19159312,Q899026
4472408,Q898795
23562827,Q893665
8075960,Q898795
12565373,Q898433
8075874,Q898795
27488151,Q898795
12565687,Q898433
12565531,Q898433
8068547,Q898795
8076234,Q898795
8076364,Q898795
25033662,Q898794
1925048,Q923551
6233834,Q925723
23501520,Q923663
370858,Q923416
1832887,Q927292
20889546,Q925855
3117439,Q914239
18158187,Q914123
7758136,Q917055
28856807,Q920590
5781218,Q919814
22644316,Q919067
3319336,Q917554
19118571,Q914123
5429460,Q934430
25244870,Q932888
5429235,Q934430
15187505,Q935935
1261599,Q934430
23322195,Q932306
4120837,Q936276
23129875,Q934430
5886750,Q936276
24559881,Q934430
16548379,Q936276
21567561,Q936276
10899890,Q931113
10206784,Q929409
623452,Q929184
31129806,Q929165
30625,Q968314
142423,Q967983
23823057,Q958560
21761120,Q955910
22830026,Q952392
22547614,Q951587
24411083,Q951198
1605227,Q953044
6335006,Q957752
7351283,Q952340
9199842,Q952340
1031185,Q957752
11360668,Q957752
33509072,Q955910
26655098,Q955910
74394,Q963466
5735467,Q963466
5735396,Q963466
7883438,Q963466
3650371,Q960929
1189804,Q967405
9222642,Q960155
27662471,Q960060
9136230,Q967410
31653564,Q960347
31579568,Q960060
34444007,Q963659
27758516,Q959582
872386,Q937861
7271954,Q937692
2560398,Q939635
5444420,Q941462
5444168,Q941462
28837756,Q939074
19806138,Q939074
5444283,Q941462
2809621,Q944991
2346581,Q942810
461322,Q946496
8190800,Q942810
29831261,Q945216
9915725,Q942810
12649366,Q1018108
8901420,Q978723
16973860,Q978202
34974233,Q999324
4995581,Q981052
5935181,Q996434
34960415,Q999324
36066889,Q987956
1210303,Q1035139
4015188,Q1035138
106328,Q1036769
5386187,Q1043792
1732642,Q1042011
5836236,Q1045464
2428193,Q1043792
8981929,Q1043792
20824979,Q1043792
12007271,Q1043792
2083964,Q1043792
3455547,Q1041621
594257,Q1054065
1800351,Q1048916
34170445,Q1048916
27504492,Q1048916
2461592,Q1047711
9019882,Q1047711
4432750,Q1048916
574768,Q1048916
706370,Q1048916
4451440,Q1048916
35181880,Q1048916
20639858,Q1048916
1604902,Q1048916
31423765,Q1048916
17947984,Q1048916
25852450,Q1048916
8181039,Q1048916
21995971,Q1048916
30129615,Q1027487
7352183,Q1026116
5640549,Q1029093
10071778,Q1054767
5076487,Q977056
694405,Q971767
1231856,Q972903
1577984,Q975298
4803480,Q973053
4873584,Q973053
31572779,Q1057617
29034222,Q1053313
5033320,Q1068054
45606,Q1059553
23146200,Q1052412
31011459,Q1070567
187603,Q1076912
15428508,Q1077402
4045252,Q1076912
5007560,Q1074256
11080291,Q1072975
7874454,Q1134252
4650594,Q1134252
51563,Q1083331
1072060,Q1088165
31734473,Q1083795
31613464,Q1119015
961437,Q1125771
8901420,Q1122549
22795897,Q1117884
36234916,Q1121567
5871867,Q1131423
3613070,Q1129936
1524536,Q1130788
19177969,Q1130299
21349817,Q1130123
2367208,Q1064945
32417513,Q1066781
32417827,Q1066781
17908428,Q1062365
14375566,Q1062201
21922672,Q1060522
16160462,Q1060471
19031611,Q1061284
17243300,Q1066781
8452139,Q1062365
25162941,Q1060471
17405559,Q1064945
8905156,Q1137494
34109841,Q1138346
21227360,Q1138346
24154924,Q1137369
9467480,Q1137494
7407088,Q1136202
10862322,Q1137494
20836583,Q1137494
7199861,Q1137494
16656988,Q1138438
15723201,Q1136864
250699,Q1136104
887164,Q1134920
669546,Q1134909
6703830,Q1136104
5099214,Q1150908
9796711,Q1149325
1238514,Q1153598
11351598,Q1150069
23951630,Q1151761
31113988,Q1151761
15615865,Q1140295
10405383,Q1141032
8438953,Q1141032
20344428,Q1139780
20344625,Q1139780
33103548,Q1139780
20344329,Q1139780
20344476,Q1139780
33097113,Q1139780
20344446,Q1139780
26738708,Q1141032
33139348,Q1139780
27006054,Q1141032
20845534,Q1100856
14920398,Q1115676
27595410,Q1157125
21047476,Q1154340
3037303,Q1156969
253511,Q1155892
17816275,Q1155371
15090274,Q1157010
7357205,Q1156969
3834043,Q1156969
22643676,Q1156969
22212836,Q1156969
1020702,Q1168267
1829944,Q1168338
77672,Q1169673
13093291,Q1168105
20898157,Q1169623
5240530,Q1169021
13093453,Q1168105
52942,Q1169829
12813350,Q1169793
21981842,Q1089763
31122233,Q1093819
2077360,Q1093988
9397049,Q1090444
13386229,Q1142693
3276167,Q1142887
31710493,Q1141764
101927,Q1143316
3894411,Q1143427
3346585,Q1142887
22643349,Q1141764
2737528,Q1141218
22900708,Q1141764
21944870,Q1141218
133622,Q1146642
1201706,Q1145932
19488378,Q1144655
11341007,Q1192103
6248065,Q1192344
28925419,Q1170523
4930845,Q1197590
8994,Q1167344
6446071,Q1165753
3479886,Q1166201
3083330,Q1164083
8721887,Q1161308
33128846,Q1167250
8094606,Q1167183
4637428,Q1163291
24155032,Q1164291
6248136,Q1164830
26177719,Q1165938
21966047,Q1167497
23606362,Q1167840
417891,Q1192798
725459,Q1193210
8267581,Q1193379
4627909,Q1193320
15848702,Q1192552
35976870,Q1192975
30885871,Q1193969
16231566,Q1193766
9088886,Q1193680
4463477,Q1193736
9830229,Q1194339
8863374,Q1194031
6557406,Q1194499
9287656,Q1193766
7329426,Q1193649
9285648,Q1193766
7850702,Q1193766
10594693,Q1194332
25742735,Q1193649
6271273,Q1197735
73457,Q1197735
5421694,Q1197735
15765481,Q1197735
22308889,Q1197735
26296937,Q1197590
190423,Q1196440
1611072,Q1198489
31932717,Q1198186
26902277,Q1197817
10600575,Q1197817
26892787,Q1197817
26893087,Q1197817
26878691,Q1197817
870946,Q1190864
1184167,Q1187056
1494750,Q1183443
3725044,Q1183443
31139912,Q1186628
33022747,Q1187383
26878691,Q1187628
26876275,Q1188815
26878248,Q1187628
6944899,Q1170697
14603950,Q1171407
1354757,Q1170697
4894733,Q1171714
24884713,Q1171427
18586452,Q1171416
12224231,Q1171604
4416773,Q1170871
10193848,Q1170712
11087534,Q1171562
23609812,Q1171231
6669665,Q1202156
11505804,Q1202156
42856,Q1211785
16771910,Q1211771
457578,Q1211843
31304361,Q1197316
33412849,Q1196742
4802267,Q1197181
17905510,Q1196602
2212338,Q1196742
8948572,Q1196857
1617626,Q1196642
32659111,Q1197193
2791652,Q1196500
29125758,Q1196792
12814753,Q1196500
6223567,Q1195639
4211699,Q1195225
13332407,Q1195257
3104623,Q1195350
8049233,Q1195793
22732188,Q1195960
35203090,Q1195427
27689089,Q1195460
35203383,Q1196246
5999786,Q1199651
5999816,Q1199651
17574075,Q1199291
11445288,Q1199666
61175,Q1198493
685720,Q1199412
7222376,Q1198839
31322634,Q1199225
61529,Q1199794
15848702,Q1199885
445937,Q1199794
2706589,Q1219298
1133816,Q1219561
30086,Q1219445
28623,Q1210734
7577290,Q1211006
5123756,Q1210978
8545243,Q1209658
1975043,Q1210846
16990910,Q1209658
5315869,Q1214716
19042649,Q1214462
25289332,Q1214705
32803232,Q1214443
9088886,Q1214221
1774116,Q1213811
36332870,Q1213763
87983,Q1214391
3600824,Q1213715
6715354,Q1214433
3196185,Q1213684
5526366,Q1213440
27092551,Q1214098
1748912,Q1213811
4893170,Q1213525
34916390,Q1213764
10306333,Q1214433
32038301,Q1213902
3371654,Q1213811
23608938,Q1214091
2639650,Q1212222
2462597,Q1212739
10753947,Q1212645
32777848,Q1212133
20034769,Q1212384
1004972,Q1212326
18702756,Q1212984
25907222,Q1212056
33429436,Q1213312
2593578,Q1213293
19231927,Q1213050
4524798,Q1245187
210229,Q1246987
6982919,Q1247044
797718,Q1246987
24007839,Q1247253
5880421,Q1248585
7527753,Q1248698
5714284,Q1248698
18542971,Q1248698
21109961,Q1248698
14404921,Q1248698
18983347,Q1248698
15211311,Q1248698
247098,Q1247666
1740284,Q1247370
27178030,Q1248248
9104588,Q1248248
19047096,Q1248151
28775066,Q1247370
11893755,Q1235125
3681345,Q1241741
13130339,Q1220988
16668629,Q1219561
34762045,Q1219561
5377926,Q1219561
2711674,Q1249322
3755817,Q1249322
16885650,Q1249322
33833629,Q1248928
7347460,Q1248928
33628310,Q1248928
7347415,Q1248928
11872722,Q1217172
24198424,Q1217172
878670,Q1218232
60157,Q1218608
29766440,Q1217362
4458143,Q1218663
25972799,Q1218985
1961251,Q1219239
14025121,Q1218618
19802671,Q1217473
22966339,Q1219239
29162254,Q1218232
4716649,Q1218232
4578695,Q1275361
3602324,Q1268075
5122403,Q1272527
5122422,Q1272527
18953471,Q1248799
286836,Q1248773
1957162,Q1248928
13699003,Q1249655
2193661,Q1250822
3598984,Q1249425
1362990,Q1249536
15248353,Q1249439
15198392,Q1250822
9779574,Q1249536
1273569,Q1249536
16201977,Q1250822
15703732,Q1249536
30873812,Q1216634
7225213,Q1215581
11691760,Q1216707
752081,Q1216839
5832380,Q1216940
3186725,Q1215312
18044397,Q1217144
5301628,Q1215095
7189073,Q1215802
34858244,Q1216833
34858254,Q1216833
2990096,Q1215393
26224556,Q1276950
1011439,Q1278200
161912,Q1276950
14428799,Q1277317
6231868,Q1317723
18932671,Q1317701
27686452,Q1306705
1405221,Q1307153
24164642,Q1305285
5078515,Q1262456
180978,Q1257081
30067448,Q1260932
74830,Q1322449
22395733,Q1319863
7832768,Q1323860
26456639,Q1318749
2620960,Q1321785
26913298,Q1318749
31081310,Q1317839
27754718,Q1328934
13887546,Q1327411
5119319,Q1330429
6760673,Q1330429
4340438,Q1315145
3701905,Q1316325
10915521,Q1314153
3934285,Q1373745
5983350,Q1373644
18742068,Q1376060
993791,Q1354668
35135978,Q1366540
29419841,Q1368978
34545385,Q1368978
21754296,Q1423641
675935,Q1426188
1765026,Q1424555
62668,Q1344207
14301855,Q1345004
27198013,Q1350672
30871261,Q1344207
2704374,Q1344207
6461734,Q1347946
180785,Q1344207
17912395,Q1345004
17618782,Q1345110
1233247,Q1342891
1188832,Q1344207
1237529,Q1352419
19937824,Q1350672
21081563,Q1344207
34378586,Q1352419
101954,Q1292533
21924876,Q1296168
32861518,Q1296168
35840449,Q1296683
10215404,Q1393977
6084956,Q1383891
3032738,Q1395765
1335380,Q1384109
14746483,Q1382412
475496,Q1394138
22268227,Q1388516
23789879,Q1388516
36350787,Q1388516
8469182,Q1396889
27197484,Q1395765
22500985,Q1394009
10703506,Q1426754
30217005,Q1428590
872441,Q1419294
1923722,Q1414190
3112996,Q1422745
19752168,Q1411928
3341998,Q1418639
33383345,Q1416359
14830123,Q1479491
6302125,Q1409198
23276270,Q1400274
7440641,Q1410208
1851703,Q1411186
5206156,Q1401130
7715240,Q1406618
6676241,Q1406618
10072700,Q1406618
34779274,Q1409198
9656635,Q1503314
11432032,Q1504039
1703740,Q1432041
30492634,Q1430486
3120202,Q1476462
2650227,Q1476619
1259785,Q1334940
19033808,Q1339346
1237529,Q1331757
11611500,Q1339541
5326407,Q1335337
3920769,Q1334940
34378586,Q1331757
28857793,Q1339346
8457548,Q1334940
19578367,Q1513820
166813,Q1452613
698969,Q1448153
1825320,Q1457304
9023878,Q1452613
342926,Q1448428
6846215,Q1458903
21534981,Q1470488
3210303,Q1470593
16672506,Q1469294
12746241,Q1470200
27584028,Q1501981
7976591,Q1507477
4690238,Q1507176
25011659,Q1506195
13729100,Q1506195
5443770,Q1573973
11324389,Q1567059
4457806,Q1563847
8580542,Q1570020
23901126,Q1567059
476008,Q1570779
5449985,Q1563870
1605299,Q1539509
4265319,Q1541914
2804661,Q1538984
318772,Q1535032
183575,Q1536949
2705562,Q1539509
19105273,Q1538580
2683330,Q1539509
5823793,Q1535032
19090870,Q1535121
30077800,Q1541934
6729930,Q1539509
4016437,Q1524588
5303308,Q1532325
22216863,Q1532788
3751746,Q1557588
27488293,Q1557588
73970,Q1548029
9817444,Q1559656
14137409,Q1548029
22752936,Q1551030
2983369,Q1545663
30578340,Q1626551
787704,Q1654459
24314116,Q1660753
6469252,Q1659347
583407,Q1659447
1975933,Q1660401
171000,Q1642629
18846797,Q1646002
4969126,Q1639633
734207,Q1648035
26903632,Q1639633
13632871,Q1639633
7771844,Q1646944
1645598,Q1649862
33146132,Q1639633
1645634,Q1649862
26261634,Q1639633
4440967,Q1639545
34962547,Q1700250
1104981,Q1706363
24207129,Q1610253
8383780,Q1613942
16113730,Q1612826
11612413,Q1619595
9482929,Q1618062
21318106,Q1604118
35203206,Q1607978
22644822,Q1622722
14331912,Q1605244
8370506,Q1758947
8371008,Q1758947
8370755,Q1758947
17405429,Q1757820
11069647,Q1757820
917665,Q1629456
10610533,Q1633092
22225168,Q1632269
8593082,Q1633629
2084008,Q1630805
1768129,Q1638148
22931670,Q1636184
24162851,Q1760357
979825,Q1762979
6006929,Q1761597
7176125,Q1762808
1307241,Q1666691
19092347,Q1678412
9472711,Q1682792
18800331,Q1664485
20334420,Q1681514
33824540,Q1679462
22287353,Q1779262
7657211,Q1767294
5354764,Q1767259
34152774,Q1767294
1815818,Q1766205
89793,Q1756234
8862695,Q1755376
3296253,Q1754953
9674562,Q1753343
26564947,Q1756055
35203339,Q1754636
3517536,Q1783411
4717461,Q1788243
31579747,Q1789161
28853738,Q1792726
4717463,Q1788243
6322029,Q1777426
8401840,Q1777087
21533029,Q1777844
19898036,Q1785002
6179073,Q1815659
511228,Q1821318
2688309,Q1821318
5096585,Q1821318
2900798,Q1821318
2079686,Q1918047
10274845,Q1738957
6976850,Q1723311
21234833,Q1710847
19011466,Q1746652
7333656,Q1738957
22716058,Q1732704
33636807,Q1736306
28373627,Q1744399
6152265,Q1952957
490101,Q1952957
172031,Q1952295
172045,Q1952295
3135608,Q1947542
2255336,Q1952295
17917662,Q1886814
1129009,Q1886997
18726475,Q1886719
4174550,Q1866715
21006677,Q1866715
456588,Q1862102
1922815,Q1862102
20948918,Q1823758
4492414,Q1862102
5527808,Q1857708
31210806,Q1836777
3992363,Q1900478
3185575,Q1897870
3992212,Q1900478
142457,Q1895605
6492614,Q1889422
9378574,Q1893973
23920023,Q1887393
1228937,Q1771382
3569822,Q1767499
923265,Q1769105
30311716,Q1771006
2285878,Q1771810
4268056,Q1767509
15142854,Q1777072
1485962,Q1811866
55325,Q1811390
142049,Q1811417
1402997,Q1811866
5316828,Q1795631
9822793,Q1799525
3264582,Q1800524
19296306,Q1796984
15103253,Q1810196
22112974,Q1998813
29273565,Q2003985
27754718,Q1992620
9776999,Q1992099
4515396,Q2027418
33177983,Q2034080
22224559,Q2034039
4564324,Q2034560
2632693,Q2026644
35198649,Q2033182
27741764,Q2033182
27070440,Q2052363
4597853,Q2037865
11350697,Q2042919
23784006,Q2060409
29749526,Q2056663
10972714,Q2056663
533515,Q2040950
24051596,Q2053134
19048489,Q2052076
25618641,Q2048624
312498,Q1935469
441926,Q1935469
16109770,Q1936509
31153,Q1935913
24225055,Q1934257
15111478,Q1932742
3917873,Q1940145
21606232,Q1936382
31942786,Q1935469
1797028,Q2020094
29301860,Q2020094
533515,Q2023950
9121918,Q2023950
32149673,Q2020094
12545016,Q2006254
33935599,Q1983935
31510744,Q1990359
3509677,Q1989636
1126777,Q1990342
1908968,Q1983935
3689868,Q1983935
28126336,Q1990880
24987329,Q1989312
19775805,Q1988792
142224,Q1956434
65834,Q1975638
1166096,Q1978467
4500088,Q1978467
1840870,Q1973240
35572871,Q1965615
2428970,Q1971450
18759351,Q1966939
6268880,Q2136755
4227,Q2124771
28082913,Q2068245
23810915,Q2069220
22332882,Q2074335
27372372,Q2079142
2285878,Q2070380
1401046,Q2078794
22644742,Q2069298
7556986,Q2071759
3383952,Q2284057
300972,Q2281600
2294584,Q2277829
12510192,Q2276761
21000149,Q2275587
21595019,Q2276817
27375080,Q2275587
17260746,Q2107910
9468375,Q2111103
17188583,Q2090270
872485,Q2085749
16573952,Q2094684
13496674,Q2104523
6446874,Q2086517
31804369,Q2087878
1228937,Q2264889
2436901,Q2269371
8328948,Q2268391
3702166,Q2264850
3876620,Q2264555
73438,Q2270341
15779585,Q2258908
1586802,Q2254384
33539859,Q2253999
7185595,Q2268151
3610087,Q2269564
5209597,Q2257964
33179953,Q2255134
7185840,Q2268151
61483,Q2356919
26774705,Q2356919
456791,Q2354342
19944098,Q2203351
19929719,Q2247155
2510385,Q2252261
34377051,Q2246971
27366230,Q2193304
26943525,Q2251594
31665267,Q2251594
3112909,Q2320903
4288473,Q2297144
1367581,Q2293888
2922074,Q2296752
11588549,Q2298778
33606614,Q2349576
26456876,Q2349094
8432450,Q2344912
2294584,Q2349094
35204171,Q2349094
2585223,Q2343169
6004827,Q2346673
15841116,Q2344424
2294598,Q2349094
2294568,Q2349094
35948532,Q2349094
31710898,Q2343169
1774803,Q2387225
30048216,Q2404359
30927984,Q2404359
1011468,Q2376852
4306224,Q2372773
2125486,Q2379240
19596597,Q2316684
16266637,Q2316684
25793288,Q2316684
7454401,Q2302824
1304986,Q2316684
242821,Q2305113
2265148,Q2316684
3718428,Q2307461
7455302,Q2302824
9538297,Q2311068
7455005,Q2302824
7325457,Q2302824
35205075,Q2312238
28832928,Q2304825
1891348,Q2413618
8007040,Q2382904
14374789,Q2379553
11357774,Q2382344
146077,Q2412167
3263044,Q2411893
8947921,Q2412668
28066231,Q2411700
15233369,Q2176690
5683113,Q2167179
3096248,Q2190850
9478609,Q2177112
1691989,Q2190850
30431590,Q2159358
3012123,Q2190850
3047329,Q2184032
3112333,Q2190850
3365981,Q2190850
14672535,Q2180740
6768780,Q2389340
34082804,Q2397134
22395527,Q2388084
26181579,Q2387918
239532,Q2443193
22630088,Q2446285
26946311,Q2443779
217800,Q2443714
21343910,Q2446285
15848702,Q2446784
24731562,Q2443779
17516197,Q2441302
3624815,Q2464542
14812466,Q2357729
13672638,Q2367919
31079280,Q2362527
26187617,Q2358616
8760697,Q2357151
42293,Q2469771
12235107,Q2466091
24368095,Q2468877
6703160,Q2469230
35919373,Q2469771
25171884,Q2478890
461364,Q2499287
5581958,Q2491076
11845883,Q2498844
11685571,Q2488744
17032549,Q2494608
25995941,Q2501845
2236324,Q2558373
3098409,Q2557709
11011055,Q2567606
24160876,Q2567084
7533367,Q2558373
1462414,Q2328959
3147170,Q2335348
22643393,Q2334297
22643584,Q2334297
5986077,Q2338040
19119554,Q2333195
13135348,Q2449653
64004,Q2447051
32204472,Q2460841
28377984,Q2456670
31009301,Q2446784
1389099,Q2437717
18618306,Q2418926
152058,Q2418926
303928,Q2418926
657159,Q2418926
709860,Q2418926
692785,Q2428779
4781857,Q2415058
350584,Q2428779
15100120,Q2426986
182737,Q2437572
15099919,Q2426986
21705579,Q2561149
35137467,Q2563691
26014328,Q2563052
2023704,Q2518676
8202728,Q2507282
10087485,Q2517513
7318083,Q2518946
64394,Q2543777
8103502,Q2543870
6304360,Q2629554
1789996,Q2572480
518928,Q2571637
3954917,Q2572480
12130331,Q2568542
32979642,Q2571011
26400346,Q2568091
2115510,Q2531327
12714295,Q2536327
19767452,Q2520460
4298666,Q2531250
2571821,Q2525525
30295663,Q2531205
25971534,Q2533282
32612875,Q2649794
30928961,Q2648546
26261371,Q2655348
25657155,Q2616425
24105751,Q2610619
3326435,Q2610868
8592074,Q2614675
4002677,Q2609365
3724436,Q2609365
15856289,Q2615930
4783479,Q2609365
61481,Q2621164
5135868,Q2612004
12275082,Q2612004
20827074,Q2609365
4657647,Q2617634
27674928,Q2622732
8031432,Q2574830
11350779,Q2573817
15848702,Q2573817
924115,Q2573255
143834,Q2707103
31356187,Q2708153
15952338,Q2707531
1623960,Q2699263
33685378,Q2697201
28307552,Q2700616
12160359,Q2700616
28325786,Q2700616
33739587,Q2700616
1618008,Q2736439
1952976,Q2736439
1088952,Q2670634
24083094,Q2661615
26240693,Q2661598
3700174,Q2738156
32455629,Q2738813
17818658,Q2739184
20691749,Q2595865
2159529,Q2604087
99459,Q2604087
33604491,Q2597794
26285348,Q2596046
2107054,Q2743585
3450620,Q2743592
6782517,Q2739687
5878886,Q2740773
26452704,Q2756710
7837396,Q2725345
1537627,Q2725082
2617036,Q2734297
8008553,Q2747986
1695534,Q2746500
5501853,Q2708811
32511701,Q2811669
12978934,Q2807240
8368715,Q2632297
1897341,Q2641481
8915540,Q2633138
6984559,Q2631705
3866200,Q2632121
1832735,Q2635106
30864957,Q2632121
10879447,Q2635878
1237529,Q2633966
33155930,Q2631465
27332822,Q2631206
16676041,Q2631206
12182188,Q2878373
142421,Q2877798
4881898,Q2878094
767783,Q2879977
12181304,Q2878373
16906945,Q2878373
12181468,Q2878373
19848011,Q2817377
19868108,Q2836695
74862,Q2916011
4691511,Q2916011
167599,Q2759785
673599,Q2759785
13049327,Q2759785
4873584,Q2759523
2674935,Q2776448
29103170,Q2756710
3365397,Q2893088
5440243,Q2893088
8326730,Q2882840
34943488,Q2895947
5440222,Q2893088
24319139,Q2977762
31227986,Q2956462
669691,Q2948187
1388289,Q2963454
13602157,Q2948505
77637,Q2969017
22643842,Q2974338
37210334,Q2944381
3470969,Q2714888
6524086,Q2717053
29892611,Q2712800
24884713,Q2718922
25751187,Q2713045
3450620,Q2712899
30330314,Q2986137
3938164,Q2870358
27883739,Q2837516
2704658,Q2868639
431014,Q2902217
142623,Q2908497
9366011,Q2899700
7133616,Q2911967
217776,Q2900609
9551038,Q2905480
32204472,Q2897448
25673718,Q2897301
21411476,Q2905204
18077213,Q2911356
1102360,Q2920448
4894893,Q2939806
4158013,Q2943990
816862,Q2944224
8867900,Q2944224
4767200,Q2920685
152749,Q2943990
25748112,Q2937304
19109077,Q2930348
18979350,Q2944224
13956956,Q2920815
26627219,Q2944224
35589999,Q2943614
3427182,Q3045974
101899,Q3043384
12149364,Q3045043
1668076,Q3045799
32802867,Q3045043
26881153,Q3045043
31106576,Q3040395
11784534,Q3041390
2000074,Q3039787
28165364,Q3042441
16731304,Q3032580
25337747,Q3030529
76617,Q3010971
11361834,Q3014156
17974588,Q3005474
18204467,Q3011281
22869340,Q3012135
18619459,Q2992451
32411625,Q3012135
26258656,Q3005474
24028252,Q3000879
33502433,Q3018953
187603,Q3015488
11337966,Q3020294
4045252,Q3015488
20961147,Q3026044
29324890,Q3020505
1726126,Q3092504
16644875,Q3054822
171058,Q3065301
24817379,Q3053515
29432361,Q3051389
2638634,Q3082891
2488691,Q3082586
27844685,Q3085278
1033721,Q3076607
17389504,Q3071053
29675503,Q3072829
18010724,Q3068515
5023723,Q3066349
18940646,Q3071301
13995952,Q3192488
23968429,Q3201340
9089380,Q3101494
982874,Q3107329
1505118,Q3111594
3909180,Q3100305
14261811,Q3111594
19594027,Q3111594
33105987,Q3111594
31810382,Q3111594
2488691,Q3207685
4979081,Q3205595
21299883,Q3207178
20694255,Q3207393
25480074,Q3206592
18562918,Q3205407
20795243,Q3207492
2594435,Q3142909
25913752,Q3179227
2158246,Q3189015
29831417,Q3186815
9399204,Q3157362
1047407,Q3175396
14307697,Q3182068
25505387,Q3148592
33882599,Q3140506
26521447,Q3163506
35248929,Q3232830
10386190,Q3203859
261107,Q3204109
856733,Q3203979
18703589,Q3203957
29204234,Q3204109
26608090,Q3203961
1164579,Q3221562
5645921,Q3221851
920296,Q3223617
24111150,Q3222160
10506215,Q3221362
23305648,Q3221843
27768248,Q3222697
28807116,Q3212712
14262827,Q3212134
13901892,Q3220551
10107470,Q3212510
8991445,Q3212917
24817996,Q3213980
9974948,Q3212902
30505130,Q3212044
28374339,Q3212848
15695777,Q3212518
33666391,Q3220551
34607936,Q3214567
24319366,Q3202526
3291478,Q3202572
30524,Q3202091
2439288,Q3201460
23972618,Q3202526
4757039,Q3203628
30635965,Q3202787
11396051,Q3202526
30473086,Q3202551
18675742,Q3202526
5566154,Q3202732
17261204,Q3202081
35965448,Q3202770
5378148,Q3202233
5541172,Q3224059
4913923,Q3223978
28279994,Q3224080
33948002,Q3208710
12076925,Q3209703
449352,Q3211433
19007083,Q3208184
5870858,Q3209669
4893989,Q3209669
17062936,Q3210457
10024694,Q3211241
20326029,Q3231594
35816879,Q3227781
3227969,Q3227619
459586,Q3232078
1977161,Q3231500
1464962,Q3228346
15194448,Q3231500
34290283,Q3230387
31304482,Q3227753
18895319,Q3230575
27290418,Q3228304
4941734,Q3230989
33424556,Q3231290
9302822,Q3231319
3053945,Q3232830
28796807,Q3232830
7324665,Q3232830
10638611,Q3232830
9912625,Q3232830
14944773,Q3232830
27612579,Q3211930
2426058,Q3211925
24717406,Q3285408
13229264,Q3284558
2273984,Q3283839
32848413,Q3283324
1126798,Q3268056
8708612,Q3274167
22076195,Q3271213
24517581,Q3274195
1365411,Q3273493
1170621,Q3268056
11105092,Q3266450
342741,Q3235421
28968084,Q3233631
14667216,Q3233631
6908480,Q3234071
1840775,Q3235072
12974247,Q3236040
10202645,Q3233504
2631894,Q3235556
8499528,Q3234798
2310279,Q3233631
15632843,Q3236067
18529301,Q3237010
34342406,Q3234552
24811572,Q3236488
25160272,Q3233631
28714367,Q3375488
896395,Q3377878
1047447,Q3286482
3978358,Q3286341
113442,Q3301814
113463,Q3299026
33244885,Q3385854
1859592,Q3387840
33401569,Q3385854
23830211,Q3428183
49696,Q3307458
18679622,Q3317035
4848522,Q3312601
2736876,Q3319940
21492573,Q3324321
28775611,Q3317189
11881682,Q3311083
3842309,Q3243512
4788925,Q3258147
28968320,Q3246419
16751513,Q3435184
740744,Q3435337
3818389,Q3435337
16510955,Q3435337
25182134,Q3435337
4996220,Q3474964
32232975,Q3356529
4150178,Q3441291
1110047,Q3437946
33493095,Q3362806
12596815,Q3366047
35047879,Q3357761
35037554,Q3357771
28137223,Q3357771
35049218,Q3357761
33437256,Q3361667
5624912,Q3356529
1343139,Q3410561
348737,Q3412929
6338428,Q3412929
894179,Q3412898
5080311,Q3412898
14332632,Q3416949
33675944,Q3418058
6635945,Q3513423
21351767,Q3512070
5800622,Q3486765
6435145,Q3481943
19124478,Q3481943
7146793,Q3481943
11276518,Q3226565
29412702,Q3224451
1109777,Q3224952
11110433,Q3225117
29831325,Q3225240
18941710,Q3224451
8003257,Q3496931
26016147,Q3496170
8270869,Q3491881
10070959,Q3351637
4667480,Q3339402
28271884,Q3347910
25161531,Q3350266
855797,Q3394368
4837038,Q3398593
76351,Q3398107
8264802,Q3400728
18613324,Q3400981
24103578,Q3394235
7532215,Q3399278
28324385,Q3400981
19121066,Q3400981
31171942,Q3400981
1236122,Q3521472
3182907,Q3519885
71975,Q3521239
9877212,Q3515904
17516197,Q3515904
31262007,Q3520203
31291851,Q3520516
948337,Q3278431
394792,Q3281349
58147,Q3278431
8705561,Q3277180
10507423,Q3276113
1728156,Q3282044
36394188,Q3275960
23374344,Q3280221
22720246,Q3276314
30700408,Q3548307
32479997,Q3548383
32575163,Q3505089
32655915,Q3557273
7548602,Q3554584
9404578,Q3523351
193882,Q3566664
27947117,Q3562484
22697427,Q3561870
1804349,Q3647180
12355679,Q3545771
10139367,Q3545771
12355683,Q3545771
7597365,Q3545771
3654148,Q3532824
1349518,Q3539202
9179200,Q3532065
29831443,Q3532065
24828825,Q3540053
2940538,Q3532065
8695,Q3612357
20838264,Q3612365
33142135,Q3614519
33140629,Q3614519
8089861,Q3548551
1367502,Q3549751
975913,Q3554353
18333832,Q3549862
25514131,Q3548980
5860476,Q3549879
28570630,Q3548527
25501212,Q3549329
24045906,Q3548901
7754795,Q3770524
1059238,Q3770524
695780,Q3661792
2423428,Q3684069
1822771,Q3656167
4403560,Q3680879
30250668,Q3655996
22965306,Q3649336
6584961,Q3661506
74018,Q3770524
4873584,Q3772017
4795375,Q3641719
3842730,Q3641719
1880706,Q3618223
89397,Q3622150
1449256,Q3618223
1055466,Q3622755
409754,Q3637519
14415654,Q3795005
683486,Q3795149
68079,Q3821099
10934072,Q3821163
3152104,Q3713427
8352428,Q3696430
1157124,Q3711278
10358981,Q3698431
2006607,Q3705069
21739909,Q3713427
33298020,Q3691280
103021,Q3735240
23131817,Q3739350
1707516,Q3754045
633855,Q3738217
1312231,Q3761739
4979871,Q3734045
304692,Q3761739
31676805,Q3733542
1594929,Q3759607
19267703,Q3740571
26370420,Q3742778
5735156,Q3740328
35493800,Q3740074
17664152,Q3743406
8625702,Q3764753
75874,Q3574397
14733483,Q3605102
73422,Q3605102
78425,Q3589343
9659901,Q3594820
22358063,Q3587963
2701261,Q3847136
23461492,Q3853685
5189834,Q3835882
7922200,Q3833282
1941591,Q3773562
14965069,Q3793880
12781333,Q3793101
4205176,Q3793647
5781761,Q3793766
311179,Q3791674
1526756,Q3791386
14141946,Q3790778
9450708,Q3793322
171047,Q3793934
36153267,Q3793923
23666584,Q3791032
23666649,Q3791165
23917355,Q3793700
8175453,Q3790835
9753622,Q3940771
8908324,Q3942329
19419380,Q3822255
4836239,Q3822255
1134919,Q3822730
846828,Q3823559
5565988,Q3821638
591310,Q3823287
22778278,Q3822159
461353,Q3821684
1482871,Q3824008
716738,Q3823262
2392280,Q3822073
3657826,Q3824394
28250083,Q3822155
33837735,Q3823857
14326973,Q3824693
1525408,Q3822780
3416335,Q3823262
12744854,Q3824663
11646959,Q3822155
27476145,Q3824759
23666593,Q3823224
9244959,Q3822742
1663422,Q3824394
24077910,Q3824874
74871,Q3827719
8175804,Q3828475
18066747,Q3829007
26913056,Q3826548
27215273,Q3824759
13963229,Q3899585
11701,Q3873258
33845451,Q3894636
22360971,Q3855566
2624521,Q3897970
17292726,Q3900130
1343628,Q3878170
672934,Q3878483
2141418,Q3869162
551581,Q3870578
23499575,Q3881939
10295249,Q3882301
23028763,Q3874789
27762733,Q3902535
19841894,Q3819968
695700,Q3820624
10705531,Q3819831
956598,Q3819311
950929,Q3819311
842825,Q3820039
23095487,Q3819493
161450,Q3820015
10705512,Q3819831
886560,Q3818979
74984,Q3795929
4610981,Q3799357
2098715,Q3818979
2317139,Q3818282
9418655,Q3819696
35943095,Q3801159
19953789,Q3818804
28922568,Q3813603
9471632,Q3801260
5347029,Q3818271
347000,Q3978307
32358656,Q3964056
18387271,Q3983329
25757341,Q3953393
22393761,Q3960523
10239492,Q3976843
29155795,Q3987496
2866335,Q4003988
2571294,Q3998257
3169388,Q3993374
285923,Q3992374
4084608,Q3999038
844335,Q3992374
12710627,Q3997030
17324736,Q4003583
29823735,Q4003702
28429079,Q4003875
18596409,Q4003924
30047118,Q3999988
35424189,Q3997970
10071292,Q3935111
12780416,Q3927678
5878044,Q3902680
25990872,Q3921864
23936964,Q3902626
5891241,Q3910214
2311219,Q4009488
4639222,Q4028807
54160,Q4010770
2419947,Q4009488
31368274,Q4033131
7092652,Q4009999
9597495,Q4024387
28787942,Q4004281
18487239,Q4011103
36181024,Q4011187
4891218,Q4004239
13281178,Q4011103
26553549,Q4004484
28256111,Q4019256
25760061,Q4006803
14086748,Q4123503
9155539,Q4117102
8743877,Q4114599
29988111,Q4120049
14459667,Q4105644
23894000,Q4085748
15871827,Q4101804
2507217,Q4135545
8931001,Q4150572
29275321,Q4146331
142465,Q4348077
3150125,Q4337552
10376197,Q4345727
415074,Q4348667
21469222,Q4335509
11103982,Q4336884
22618727,Q4334882
31316979,Q4345727
1190115,Q4130975
1172977,Q4354847
2352397,Q4353727
42147,Q4371010
10021034,Q4373175
10723448,Q4053881
1624660,Q4043834
985537,Q4062545
16355225,Q4053881
2537750,Q4043834
28414080,Q4172545
29783609,Q4179366
6969487,Q4175473
24949479,Q4179356
19030013,Q4150572
3224839,Q4153662
34014071,Q4167396
22888740,Q4167647
36267752,Q4160179
9857712,Q4154359
8300648,Q4288844
21512748,Q4277687
3859677,Q4305774
14547743,Q4281242
20066677,Q4528248
6135549,Q4400679
164159,Q4377109
35607621,Q4377109
1667210,Q4383533
2399730,Q4410249
24949479,Q4376382
24949479,Q4411223
14480043,Q4383533
9703081,Q4400679
1815267,Q4386957
32603050,Q4395914
4059238,Q4551661
15617052,Q4551661
433824,Q4640888
2528212,Q4592142
3116944,Q4631868
99022,Q4657496
2535397,Q4570326
591309,Q4655659
5482341,Q4657575
1428676,Q4657543
26859160,Q4656219
22339376,Q4657013
34394403,Q4699312
24817139,Q4676473
11088642,Q4677176
25475247,Q4658123
3123893,Q4669785
939670,Q4690649
6233638,Q4659527
1055198,Q4681145
3093681,Q4676514
9326561,Q4659998
5958413,Q4658244
26931217,Q4660427
11557479,Q4685705
113451,Q4659645
9701325,Q4686819
5222578,Q4659226
28733517,Q4660252
28872129,Q4659417
1693905,Q4675044
753557,Q4672590
36180452,Q4494517
175668,Q4468731
22593770,Q4469336
1693867,Q4468731
10203059,Q4459778
19653659,Q4448863
1197558,Q4459778
21847912,Q4455190
21013036,Q4501687
32987124,Q4447957
24732676,Q4459778
42224,Q4778395
34154485,Q4770211
587265,Q4819963
15398161,Q4780894
2342941,Q4782694
3834305,Q4790225
2426829,Q4804888
2672672,Q4820181
891807,Q4812392
9333163,Q4805064
31134920,Q4788801
31791137,Q4790225
32242800,Q4802856
34398592,Q4811923
15088404,Q4233767
17055534,Q4216302
591310,Q4235908
13379536,Q4224713
23778776,Q4229137
30843639,Q4241308
535453,Q4223128
497109,Q4241470
4092144,Q4251485
1624537,Q4239351
26198005,Q4263717
30316694,Q4261611
28396480,Q5005224
24317023,Q5002712
28362936,Q5005224
3899170,Q4899726
913165,Q4892107
1922815,Q4883824
164376,Q4881313
1376802,Q4911990
25011142,Q4927913
18586588,Q4883824
14427217,Q5149990
269528,Q5149134
92539,Q5141601
22342877,Q5142221
5566327,Q5153308
766846,Q5151111
4228260,Q5196946
10433895,Q4968363
2299232,Q4981903
10061978,Q4936926
21781488,Q4952057
3486717,Q4986064
1338721,Q4997861
20225590,Q4996241
12541481,Q4952071
28396729,Q4946762
16570645,Q4976397
6707631,Q5245307
697868,Q5245113
1411408,Q5247069
8867686,Q5247208
26180499,Q5245119
27499305,Q5246920
19262729,Q4876465
63504,Q4840813
27933891,Q4867092
129602,Q4829745
6426786,Q4843210
22791862,Q4880234
11958947,Q4854988
7770667,Q4835233
2903228,Q4843429
543276,Q4875849
1407389,Q4868232
10558683,Q4830736
24196436,Q4863771
31869200,Q4877341
25131366,Q4875082
15903940,Q4843210
28877518,Q4843210
18629672,Q4764321
647756,Q4752722
2442464,Q4749187
14969658,Q4762062
2870583,Q4738955
10946921,Q4730108
3778721,Q4728728
13485985,Q4764055
30683534,Q4730108
20493792,Q4725664
6540216,Q4738435
29564449,Q4750257
34911213,Q4762071
35020822,Q4729627
3557540,Q5255573
27488498,Q5250353
779819,Q5247280
8556941,Q5252764
4053612,Q5254891
20822165,Q5256525
689969,Q5354509
16855103,Q5331173
1649228,Q5331173
18179258,Q5328900
31066828,Q5141074
22814902,Q5139752
12521881,Q5136636
17998525,Q5121470
7950950,Q5095462
198061,Q5095462
32441881,Q5104196
3697918,Q5090595
35036246,Q5102367
33232280,Q5089344
5909788,Q5099115
33215383,Q5102329
32534824,Q5116170
1641890,Q5048627
2511267,Q5032040
171058,Q5073224
2979644,Q5085965
1205021,Q5049610
890812,Q5085169
20182947,Q5063502
8641297,Q5042539
26759941,Q5037797
15172647,Q5016473
32944067,Q5021876
4149931,Q5038968
161897,Q5167303
2075256,Q5190000
26505302,Q5170708
8153627,Q5175678
6209219,Q5179283
9358857,Q5154243
2223585,Q5180395
23736886,Q5194776
25178358,Q5179597
3869044,Q5156663
29577999,Q5167312
92608,Q5227523
3509771,Q5239187
10989569,Q5243353
2394008,Q5241443
750694,Q5241443
19938041,Q5223610
2484540,Q5230010
9565480,Q5230010
3175656,Q5211878
28214407,Q5207991
3700806,Q5216129
36320233,Q5234788
21651686,Q5227523
25716739,Q5226350
184158,Q5358708
129444,Q5308061
1512171,Q5272020
18065848,Q5261467
7906,Q5265431
30874145,Q5283780
1995696,Q5296635
2987094,Q5261299
12555559,Q5287384
2692160,Q5284135
5844491,Q5296821
22110321,Q5264340
9117035,Q5305467
624314,Q5309283
19025779,Q5298663
73427,Q5265782
21032415,Q5265431
5844480,Q5296821
26054656,Q5298697
31932572,Q5265431
27701081,Q5296821
3644779,Q5553253
6350603,Q5554408
14950102,Q5648047
8576918,Q5646475
2125458,Q5646475
12270921,Q5646475
14068802,Q5648081
10333128,Q5642996
2279601,Q5526304
42093,Q5533702
2279610,Q5526304
5318353,Q5372480
375183,Q5376793
1623263,Q5380174
31790711,Q5396946
10837755,Q5417648
2875397,Q5374210
31790682,Q5396946
10973019,Q5416137
13228511,Q5369359
3078404,Q5378136
20358409,Q5380166
22081443,Q5391592
673682,Q5432302
123464,Q5429657
31024173,Q5436218
11570453,Q5442717
171555,Q5437677
5136480,Q5459317
4951286,Q5429657
4179770,Q5449951
22180695,Q5429797
295757,Q5457222
3676065,Q5451402
14509186,Q5448083
2339579,Q5437183
9800451,Q5451950
8444243,Q5453353
23752558,Q5433047
14623727,Q5437578
29999955,Q5457254
15247877,Q5840177
23824636,Q5832104
31029224,Q5827036
11145424,Q5850407
825149,Q5689827
9579854,Q5684222
27265721,Q5689602
193847,Q5694683
1591985,Q5684222
28759429,Q5688989
16092686,Q5693053
29680525,Q5688719
8960715,Q5681091
12555863,Q5693175
31028166,Q5674228
34983379,Q5704310
508044,Q5583302
2887314,Q5557174
1091625,Q5574658
18577105,Q5605505
22304155,Q5597960
27556412,Q5642996
5387833,Q5572447
3510662,Q5642996
6076089,Q5642753
5882959,Q5596667
9465102,Q5559536
6665962,Q5625314
15290864,Q5582426
8991638,Q5594628
32088726,Q5642996
509792,Q5503441
34604303,Q5484826
18864341,Q5501958
1383548,Q5500853
2249951,Q5504004
249956,Q5464762
1065748,Q5503521
12496727,Q5460016
25225244,Q5459690
17124518,Q5463909
5283093,Q5505365
6899017,Q5509365
618856,Q5494209
27792643,Q5466695
30036422,Q5469860
15644478,Q5978191
4600837,Q5979985
34530005,Q5979829
31026301,Q6043996
18323426,Q6068479
16928777,Q5744208
31304828,Q5724235
7537280,Q5756330
29403982,Q5724235
28790336,Q5710627
628302,Q5710627
16005131,Q5716791
9919678,Q5800813
16759354,Q5706577
33152964,Q5772014
35595535,Q5755375
21686929,Q5772014
13392017,Q5986266
20962696,Q5980905
9915786,Q5989482
29113481,Q5981034
563040,Q5901312
1266043,Q5909311
625714,Q5908841
17845260,Q5912205
161880,Q5905831
3834822,Q5887854
1944643,Q5917886
26361837,Q5915883
5305120,Q5889381
4492078,Q5918584
24212105,Q5900591
23799506,Q5901165
8759169,Q5913550
30210926,Q5945557
993791,Q6037603
859655,Q6011356
4731909,Q6004170
4731866,Q6004170
932424,Q6009531
1715414,Q6012305
12746952,Q6035197
10140845,Q6033724
9880808,Q6008043
33874782,Q6013361
15699180,Q6038112
7292836,Q6035197
3684509,Q5998140
2561398,Q5990449
24522644,Q5967869
171066,Q5967472
14359816,Q5968310
6967547,Q5965446
5512355,Q5965446
18152165,Q5966593
171618,Q6117331
655335,Q6095757
29860743,Q6101361
7677145,Q6073321
13485985,Q6090542
6090730,Q6077998
16078290,Q6084029
32943246,Q6091852
32777283,Q6317347
1397142,Q6398057
21696549,Q6153000
34479261,Q6149225
33643112,Q6149122
7680880,Q6303457
15670271,Q6312905
24818273,Q6306151
8168406,Q6312833
1044633,Q6505504
2692160,Q6648857
2347609,Q6649255
2345088,Q6188048
7528620,Q6290262
12138818,Q6189435
42507,Q6407823
2557469,Q6407724
10873860,Q6418548
13248713,Q6417032
68099,Q6416962
15257713,Q6407902
28686989,Q6412400
28650211,Q6498095
25832046,Q6494843
97734,Q6547809
35504538,Q6510712
34971219,Q6377731
264851,Q6772232
1619604,Q6772373
2102101,Q6780592
36200448,Q6787275
19591830,Q6785027
142417,Q6684149
8951507,Q6669436
16037718,Q6675387
2405382,Q6675369
21452659,Q6691670
5831848,Q6665338
303847,Q6691605
22723513,Q6692619
12852656,Q6691786
28694485,Q6670999
25159756,Q6691786
1676093,Q6683583
26679119,Q6671645
23983916,Q6883875
15670779,Q6474536
15085856,Q6461649
225459,Q6470530
32714222,Q6474536
28088228,Q6452641
10053468,Q6461038
19163251,Q6484490
5031048,Q6915172
1641890,Q6746344
29942,Q6725109
525305,Q6746436
21378709,Q6770866
4980311,Q6746091
1337210,Q6748084
896182,Q6730586
3727473,Q6746436
452211,Q6712439
5601645,Q6766313
5566204,Q6752204
35368543,Q6760863
30041799,Q6746303
2750041,Q6815203
74942,Q6807779
6684682,Q6816281
1665781,Q6842839
8208923,Q6803066
13931836,Q6807834
5312373,Q6807868
89445,Q7237326
5253186,Q7233425
22550712,Q7034086
23761430,Q7044257
1985720,Q7061604
35025516,Q7144796
1394661,Q7111198
106335,Q7100840
4237665,Q7111733
36423358,Q7135520
163451,Q7165238
2917830,Q7106320
6435440,Q7102749
6290600,Q7170475
24877081,Q7103950
23805173,Q7111733
12191850,Q7113076
3640928,Q7113076
6781919,Q7164626
22265300,Q7171133
97646,Q7062779
3213691,Q7081270
39311,Q7091569
509676,Q7092662
1755675,Q7085457
8579043,Q7093031
32655212,Q7091099
1934977,Q7033599
4777503,Q6940038
1773524,Q6967699
10825522,Q6992413
4785973,Q6929263
2006189,Q7033898
2342514,Q6946470
6128816,Q6988128
2721832,Q7033599
24067673,Q6946391
24336780,Q6945075
1038386,Q6945293
1641305,Q6946506
2140002,Q6937737
3237184,Q6945600
31159789,Q7033840
129524,Q7500029
2182788,Q7501143
11063492,Q7496714
23477436,Q7366709
1356971,Q7396410
2506370,Q7374178
423546,Q7379171
75264,Q7370629
2632500,Q7395184
22558849,Q7398479
3116779,Q7457237
444767,Q7440172
92596,Q7429280
3050420,Q7423293
25227518,Q7439856
22100242,Q7430555
33077796,Q7457308
33326676,Q7457308
24584915,Q7291935
10028410,Q7304073
4832987,Q7310776
4045252,Q7294984
42313,Q7336838
879000,Q7355141
32635381,Q7304047
13409492,Q7317322
3344145,Q7301985
6179618,Q7363372
20467374,Q7317322
5231163,Q7291948
31704761,Q7315596
9087548,Q7359523
25926891,Q7362741
21034985,Q7239065
21113228,Q7261728
957179,Q7271018
14865130,Q7246091
10565718,Q7270232
2405606,Q7267714
10997756,Q7258868
2304509,Q7257261
14684621,Q7271766
19463368,Q7228408
5329439,Q7202445
28459589,Q7203384
11142340,Q7227920
15883599,Q7208529
772732,Q7678341
20759334,Q7679313
11073939,Q7679410
8650020,Q7679410
2826225,Q7548351
11671832,Q7540177
470185,Q7532703
9914234,Q7548175
924767,Q7539909
163437,Q7540177
2710154,Q7555867
29502933,Q7557397
27446582,Q7557471
5493659,Q7542264
4736692,Q7505978
25546357,Q7524349
24416479,Q7716062
490979,Q7716062
3020135,Q7716065
1380903,Q7559706
11526309,Q7564851
19696753,Q7568312
17474983,Q7490666
3618333,Q7481191
1592832,Q7485551
76345,Q7461090
973155,Q7461090
9239665,Q7490377
11271307,Q7490383
5696691,Q7485551
6031602,Q7474518
4703636,Q7492397
19134554,Q7490693
9637568,Q7490361
9766433,Q7490381
7803049,Q7496714
9813617,Q7496714
10887253,Q7490376
11259713,Q7490371
9560806,Q7490379
9946508,Q7490364
10455572,Q7490367
1353062,Q7492092
7657211,Q7715299
6562947,Q7713601
5553187,Q7714325
5084872,Q7713698
2258827,Q7715789
2034460,Q7715789
31250513,Q7715451
34152774,Q7715299
30265620,Q7723889
23454959,Q7726966
31724592,Q7691655
980601,Q7684489
9125100,Q7712216
1380903,Q7711288
4941269,Q7712251
21888940,Q7699629
25783621,Q7707417
7301722,Q7711303
2165590,Q7719879
1482779,Q7722470
1373475,Q7722304
5984648,Q7722470
624505,Q7720099
4289078,Q7722304
2301060,Q7723100
9555242,Q7722304
20909648,Q7721433
19841320,Q7721948
455013,Q7719764
20938079,Q7721458
23419513,Q7720727
34572763,Q7721796
304428,Q7718091
22729553,Q7718600
33837735,Q7718288
9384481,Q7718580
1188824,Q7717536
3189853,Q7718430
1891570,Q7718231
31025536,Q7718288
24438195,Q7717536
9549959,Q7719297
14312128,Q7718854
181229,Q7737743
2952395,Q7740112
60164,Q7738038
770184,Q7738292
7023676,Q7738513
2680423,Q7740074
615121,Q7740033
3096248,Q7740757
2711278,Q7740757
18046658,Q7737991
164388,Q7737926
8621074,Q7740336
16672506,Q7738192
18896556,Q7739591
21199219,Q7615565
875305,Q7577006
5274154,Q7620110
73494,Q7581587
18943833,Q7624080
544413,Q7574195
16113015,Q7607053
11961851,Q7621410
12781074,Q7607053
26338405,Q7637526
16113118,Q7607053
27458181,Q7581474
28990910,Q7581698
25905775,Q7621588
9720148,Q7756019
200626,Q7755297
62592,Q7756900
255194,Q7756900
3937957,Q7756640
31052221,Q7757258
75268,Q7755773
432236,Q7756461
965992,Q7756461
6876496,Q7754868
5565318,Q7756281
32962195,Q7756291
28857815,Q7755695
7319095,Q7755057
34565318,Q7756991
31312052,Q7757020
1389264,Q7745980
11395322,Q7746025
16264226,Q7742003
1899307,Q7742118
11825918,Q7745826
1139763,Q7740997
3096248,Q7740759
362045,Q7744323
2901971,Q7740759
11962404,Q7743210
640651,Q7743210
210216,Q7745014
5230828,Q7745857
5094131,Q7741877
3384239,Q7745610
14521896,Q7743210
3012123,Q7740759
3012123,Q7740757
33222541,Q7741069
3112333,Q7740759
3112333,Q7740757
3365981,Q7740759
3365981,Q7740757
13443734,Q7744670
31097343,Q7743211
4317070,Q7744303
36273764,Q7744827
8356351,Q7771908
5566319,Q7772831
35077849,Q7772795
370112,Q7735930
188902,Q7735770
99463,Q7735248
7764212,Q7735226
14359327,Q7736705
101910,Q7736716
456601,Q7734561
5667453,Q7734438
3127557,Q7735508
7917619,Q7735227
553101,Q7734561
27485441,Q7733605
342926,Q7734434
92580,Q7735303
3213322,Q7735311
3653578,Q7734561
18013931,Q7737209
21704513,Q7736570
14582455,Q7735563
31288145,Q7736299
18271027,Q7737209
28467349,Q7735653
5889382,Q7734260
20920299,Q7736238
23851782,Q7736299
17378447,Q7736580
18578896,Q7737191
18579003,Q7737191
10301392,Q7752405
42294,Q7748779
11378430,Q7752513
5538547,Q7749926
5164582,Q7751477
171068,Q7749348
203993,Q7746533
6306849,Q7750953
2881415,Q7748216
1444040,Q7749825
7267220,Q7749404
14509075,Q7749910
7154611,Q7750078
32942612,Q7752404
25714056,Q7752470
24426442,Q7751213
28762952,Q7747581
11111080,Q7748943
2034659,Q7750126
3133545,Q7729838
3133545,Q7729837
26857099,Q7729787
1975939,Q7729838
1975939,Q7729837
32837210,Q7728246
6804447,Q7728766
170194,Q7728766
15670343,Q7729866
5667692,Q7728829
6283664,Q7729994
9556492,Q7728887
10875573,Q7729994
31893898,Q7729550
28489396,Q7727424
10128536,Q7729062
1693829,Q7730949
25074031,Q7728933
30235028,Q7727842
27302004,Q7727842
25329994,Q7728873
171026,Q7732780
171029,Q7732780
101906,Q7731890
2637013,Q7731070
10387685,Q7731633
24633376,Q7731616
16226377,Q7731910
29399210,Q7732929
33069556,Q7731270
25932667,Q7731633
1610744,Q7897680
1868133,Q7911367
11680456,Q7770038
4871852,Q7769827
14628378,Q7769881
14628494,Q7769881
14628621,Q7769881
21945721,Q7753016
6646087,Q7752572
4167411,Q7754132
11213660,Q7753243
21994002,Q7752603
19273689,Q7754140
763753,Q7763468
11141345,Q7763446
30081969,Q7764480
29657080,Q7764131
196176,Q7764131
92703,Q7767408
2262072,Q7765946
15062229,Q7767037
217783,Q7766489
5680026,Q7765978
5680048,Q7765978
5679960,Q7765978
5679991,Q7765978
14135699,Q7769360
15461990,Q7767037
32454866,Q7767987
32538976,Q7763755
32895441,Q7764193
32655855,Q7764193
3030276,Q7766001
32655333,Q7766107
1573600,Q7759319
133550,Q7758274
8056688,Q7758420
22180695,Q7757697
2184393,Q7762285
2046012,Q7759254
27700861,Q7761697
2193494,Q7760871
2553269,Q7757399
5806720,Q7759094
35429216,Q7762267
18683970,Q7761014
18065990,Q7761001
25993181,Q7758081
10784924,Q7757272
16635782,Q7760384
31210719,Q7761552
8558102,Q7760086
6400083,Q7762086
28149863,Q7758981
2010018,Q7763324
5230828,Q7763412
1508868,Q7763376
11164932,Q7762792
26583800,Q7763420
20121097,Q7762748
15157654,Q7762758
23675899,Q7763078
5942246,Q7927736
19137536,Q7927453
8949458,Q8065468
246963,Q8000899
15795885,Q8017321
3374650,Q7797235
5792097,Q7803065
4270540,Q7797235
6887230,Q7797324
993867,Q7842524
14726546,Q7815084
155921,Q7804906
4003719,Q7830959
12746058,Q7829611
17177246,Q7839925
31710087,Q7837980
33017458,Q7810951
33018161,Q7810951
5566120,Q7811278
12798963,Q7811278
18250933,Q7804791
35400103,Q7811219
35401252,Q7811219
22620682,Q7813427
3252748,Q7797457
32088275,Q7815084
17572837,Q7815084
21052684,Q7815084
28252472,Q7811219
993791,Q7897680
1584981,Q7883078
2857073,Q7858614
2821645,Q7886134
24150888,Q7857576
6048196,Q7847098
33595844,Q7891907
6764425,Q7883194
17277154,Q7883194
18189143,Q7883194
3320322,Q7848524
31667101,Q7881689
2020117,Q7774859
41881,Q7775238
30818824,Q7774351
19978736,Q7775597
1189721,Q7784104
30879318,Q7776285
2520368,Q7775346
6417754,Q7785624
4539015,Q7784104
30275589,Q7773520
11780359,Q7773608
1173571,Q7773608
14969710,Q7781238
1411271,Q7774803
1999677,Q7775442
13330521,Q7786276
76634,Q7775049
3015054,Q7782769
30863940,Q7776596
8949502,Q7772831
24463508,Q7775560
27360673,Q7775057
23711228,Q7774533
8105811,Q7785165
8949632,Q7772831
29239928,Q7775374
1688639,Q7783629
32420907,Q7773909
8485902,Q8065468
710822,Q8065468
20598976,Q8026514
74978,Q8039491
3738468,Q8027789
17315314,Q8052391
5975630,Q8058280
725892,Q8057891
13408866,Q8059309
1306774,Q8027927
23429308,Q8025172
10440670,Q8025165
34261235,Q8047207
31639058,Q8047207
29641798,Q8057047
34183631,Q8058368
1865556,Q8069191
2047450,Q8068920
2164722,Q8074219
4062150,Q8189271
1628658,Q9380292
31478629,Q9352340
1917925,Q7991093
4329971,Q7974214
3170260,Q7961180
7048192,Q7974214
32504587,Q7991652
92999,Q7959455
536521,Q7979364
689611,Q7991087
77674,Q7973096
8427501,Q7994022
29373289,Q7977426
678599,Q7936169
30797163,Q7939007
6425519,Q7993159
2728423,Q7974214
2666318,Q7990850
7579751,Q7990992
7190451,Q7993314
3018210,Q7991351
2820120,Q7978044
6738089,Q7942413
4710606,Q7993180
4009607,Q7977851
2296528,Q7990504
32205540,Q7993463
28106326,Q7995382
3626050,Q9303670
600235,Q9144808
7874801,Q9183601
698242,Q9144808
19594763,Q10437068
129246,Q10296972
1214384,Q10341404
19842792,Q10381304
9464777,Q10271148
4410991,Q10339524
34477595,Q10260523
17286656,Q10381240
4923204,Q10341404
13131253,Q10381242
23457800,Q10381238
101910,Q9019593
30873695,Q9021205
22063038,Q9083272
903297,Q8565246
13903076,Q9081967
13861681,Q9029698
33076497,Q8863452
34131760,Q8863452
10416535,Q8863452
22558291,Q9039511
1897341,Q10396623
13737949,Q10543798
23095277,Q10588967
3645450,Q10586664
35320691,Q10548483
28147421,Q10533247
34082617,Q10546824
1650241,Q10542382
4389169,Q10542382
22637123,Q10632121
28126383,Q10600843
24065067,Q10659365
7895523,Q10884462
28064494,Q10905245
8563773,Q11371380
9678352,Q11359569
25614987,Q11352055
4102452,Q11169650
4259508,Q11169650
6465444,Q11169650
5878174,Q11244045
4259578,Q11169650
6465674,Q11169650
6465157,Q11169650
6465972,Q11169650
18497134,Q11169650
30661400,Q11169650
30386378,Q11258916
13517427,Q11169650
28842238,Q11125816
5859950,Q11157229
28126336,Q11023837
28126336,Q11023883
2636682,Q11026841
8856075,Q11009630
28369355,Q11118328
31465007,Q10986313
25910532,Q11036624
8360385,Q11388020
3343805,Q10483376
3343874,Q10483376
676038,Q10503922
1958642,Q10503788
4150178,Q10468603
17868861,Q10508924
3343617,Q10483376
33346413,Q10481791
34991301,Q10483376
11183188,Q11376130
21050216,Q11516081
4357962,Q11347382
99015,Q11310767
18454490,Q11681570
445895,Q11681570
4685642,Q11681570
3654479,Q11611420
16912719,Q11534534
22062835,Q11812557
105434,Q11279562
34543751,Q11289975
30101673,Q11294939
7037834,Q11291108
14112883,Q11278105
18612913,Q11439812
5982527,Q11488327
21083429,Q11447736
31763730,Q11789223
73930,Q11772710
14359394,Q11792659
6097565,Q11767106
28846165,Q11750569
3738820,Q11903222
21830569,Q11898563
25001598,Q11893849
16617822,Q11899175
15048077,Q11872296
34196788,Q11870829
21943134,Q11881597
26177596,Q11888111
15278518,Q11835640
15365850,Q12186861
24070825,Q12164362
26236947,Q12183686
57585,Q11990209
14642351,Q11988061
24167806,Q11988826
580994,Q11985079
32359323,Q11965535
34333450,Q11967394
21635044,Q11984114
3309050,Q12027130
18089738,Q12005276
28074353,Q12041001
28088306,Q12055064
22410343,Q12045175
235331,Q11635280
13830536,Q11665512
18897563,Q11658241
22744827,Q11635893
21135824,Q11658740
21160961,Q11660994
447194,Q12411877
29041745,Q12411733
8701717,Q12458277
2642537,Q12406869
17589697,Q12323132
19134781,Q12366899
16106115,Q12304686
15234765,Q12329475
16826347,Q12335202
23092502,Q12375730
34858298,Q12369462
25020031,Q12323084
34858305,Q12369462
18823064,Q12366526
35839766,Q12351122
3917891,Q12610812
1751923,Q12580890
9990262,Q12595982
8382241,Q12518332
14844719,Q12599650
30869314,Q12397047
215873,Q12857422
2198135,Q12729942
129542,Q12811892
1198629,Q12833234
28362547,Q12718039
28646493,Q12628487
29610819,Q12714151
20471221,Q12799078
25470408,Q12714151
6452746,Q13025776
27508561,Q12959257
28467145,Q12956274
7276672,Q13058163
6286627,Q14686969
955409,Q14752446
16166559,Q14752446
930561,Q14648106
9431893,Q14752446
31279604,Q14540443
10206962,Q13580868
6312980,Q13468119
2410609,Q13479598
2558669,Q13571661
28696280,Q13581152
8641948,Q13571256
4790321,Q13456096
17522069,Q13550523
2411065,Q13479598
13810883,Q13468119
14559231,Q13468119
8673346,Q13424700
21388424,Q13468119
26660194,Q13468119
25829083,Q13468119
4752795,Q15094143
29258343,Q15131818
3333,Q13419109
2448816,Q13393843
8398222,Q13373598
2673183,Q13404098
21427980,Q13122947
31868973,Q13109799
2820813,Q15470641
22375764,Q15470641
11922721,Q15391883
92605,Q13709586
14141235,Q13709586
11081144,Q13709586
24342593,Q14250549
4199282,Q13931921
4868957,Q13802568
3672697,Q13634362
18347602,Q13637367
11094452,Q13709586
176545,Q15695133
11059900,Q15648697
2586953,Q15729800
21830250,Q15731603
9998246,Q15714733
2679774,Q15729800
11253233,Q15587387
6302201,Q15634572
919722,Q15052538
2414949,Q15033982
14241872,Q15051307
20331472,Q15056790
315035,Q15035694
25548020,Q15052480
617769,Q15046024
6659784,Q15034146
23791646,Q14830022
18247486,Q15034146
19554323,Q15034146
7414349,Q15279917
1686679,Q15243547
350358,Q15806568
101906,Q15830821
34789947,Q15905509
1668866,Q15840054
22644365,Q15874574
33496541,Q15921213
10286355,Q15975190
11699514,Q16000543
5292920,Q16025051
99464,Q16056523
5837972,Q16025051
11728170,Q16106454
1896864,Q16001220
5292154,Q16025051
5838045,Q16025051
11699443,Q16000543
30273553,Q16630058
1222408,Q16605712
8549241,Q16385799
18066576,Q16386618
2154881,Q16385570
2295405,Q16386714
1262718,Q16385212
9309429,Q16386164
18553844,Q16385748
3950291,Q16386728
2372994,Q16385795
894309,Q16385717
26177915,Q16385439
25700722,Q16386183
28377152,Q16385164
15310686,Q16385164
16974971,Q16376668
15150993,Q16546101
15082206,Q16503329
577152,Q16570467
26224240,Q16490547
204774,Q16241627
536521,Q16237372
692661,Q16205481
1382226,Q16237861
7451665,Q16207487
33176291,Q16130921
4207567,Q16155002
28863064,Q16146894
31155631,Q16137590
13901961,Q16161587
23913031,Q16155002
33654948,Q16155974
28378043,Q16169884
26108501,Q16651762
2663296,Q16653711
27642540,Q16643896
28858014,Q16910343
1364234,Q16917707
3755662,Q16889371
24229100,Q16931816
80944,Q16934686
5697483,Q16889371
11993205,Q16917707
9442685,Q16931816
15070841,Q16931816
1769325,Q17037959
7055037,Q17031435
5804128,Q17027624
24551035,Q17042236
25432337,Q17018892
34748638,Q16960937
36088550,Q16954350
1144172,Q16949636
32100598,Q16959919
31141169,Q16951255
31353047,Q16965277
6987295,Q16959723
31353375,Q16965277
2073069,Q16847619
14199352,Q16747580
98503,Q16827063
18332925,Q16828505
14280823,Q16845218
10304498,Q16847981
692661,Q16852223
1091346,Q16827063
2660232,Q16849459
2773473,Q16852223
28063567,Q16880284
4305192,Q16866435
20088468,Q16841725
31153121,Q16835993
27957907,Q16831188
22865472,Q16849459
4766483,Q17104435
77641,Q17104709
23678766,Q17108782
28376428,Q17104518
24157403,Q17108933
129585,Q17017426
3138227,Q17018027
19250997,Q16985096
44366,Q17016422
16112429,Q16981196
35637385,Q17014869
2576435,Q16998142
11977273,Q16985017
34524485,Q17088998
506119,Q17060877
207680,Q17081483
5710780,Q17060239
4908122,Q17098771
1688109,Q17064850
13026112,Q17053091
787704,Q17112373
963052,Q17119417
21675573,Q17146140
21713935,Q17176148
20636989,Q17173918
26184478,Q17194532
17672486,Q17354587
12148707,Q17381917
32985704,Q17564652
27927543,Q18043329
26449194,Q18003148
34501652,Q18164257
25361239,Q17979319
35630780,Q17979324
34333507,Q17979317
25283935,Q17979243
28359492,Q17979231
28359492,Q17979229
30009549,Q17979302
34333376,Q17979316
782794,Q18187988
8146797,Q17632196
32777421,Q17632722
12852656,Q17636625
26190838,Q17742274
25159756,Q17636625
61059,Q18150132
33275287,Q18150132
28559151,Q18325679
192469,Q18209404
1966863,Q18209556
29133903,Q18221635
7306005,Q18221635
20198133,Q18223014
10398910,Q18668145
16688273,Q18631338
30405035,Q18750276
18844830,Q18679228
27936131,Q18679332
1433676,Q18674844
28031209,Q19358463
6389884,Q19031436
2099943,Q19025192
13647126,Q18918071
14186757,Q19093323
18500814,Q19746010
34355502,Q19731606
20979260,Q19651605
26579226,Q19562199
21367960,Q19709665
21031066,Q19221114
18178898,Q19231273
26188169,Q19800982
32650066,Q19376660
10000072,Q19435715
31979208,Q19947258
16055450,Q19950630
649482,Q19894482
36196361,Q19902843
19729210,Q19894589
11451426,Q19902812
792424,Q19894589
3093642,Q20036985
12460011,Q20020539
12289886,Q20022848
29672680,Q20065156
21547390,Q20040698
1808380,Q20650529
168561,Q19867685
7315440,Q19840920
21939688,Q21519570
29644931,Q20726287
18794200,Q20817309
34973357,Q21015523
22644905,Q20962941
1510273,Q20888931
290633,Q20874852
2647453,Q20875784
14780560,Q20826793
2178129,Q20875720
8095198,Q21706021
32888692,Q20502987
23733675,Q20387299
33680049,Q20482047
18164108,Q21051525
14238581,Q21079103
14521327,Q21047251
17055534,Q21587116
1129041,Q21283176
226664,Q21486054
70428,Q21469090
28116711,Q21475406
168570,Q21486216
19558651,Q21286170
61525,Q23035899
558578,Q22022827
846354,Q21936850
33988195,Q21937997
3295002,Q21938004
8084939,Q21938020
594422,Q21938070
15216050,Q21965886
4073694,Q21931686
28149636,Q21995450
35793610,Q21936838
781724,Q22807426
29055044,Q22807426
32174547,Q22683555
76331,Q23307577
75270,Q23307157
2676497,Q23307939
13810883,Q23091438
14559231,Q23091438
21388424,Q23091438
26660194,Q23091438
5557065,Q23308947
25829083,Q23091438
16793650,Q23964222
28253644,Q23809198
17839506,Q24041225
33857489,Q22117264
1365472,Q22341434
5041941,Q22260756
1880039,Q22341303
12258868,Q24929412
444267,Q25205848
113436,Q25184515
161877,Q25184531
7302636,Q24962671
2559713,Q25205260
24870003,Q25219120
18732149,Q25171256
27535031,Q27134782
27535031,Q27134855
23821597,Q25491298
19238278,Q25928929
2832604,Q24255872
2509831,Q24238575
74872,Q24451541
35135581,Q24130898
9915949,Q24283852
34995123,Q26721649
18115355,Q26933715
5573873,Q27044690
158982,Q27762482
76353,Q27762482
10377382,Q27776089
23195993,Q27831949
3344145,Q27808401
3535920,Q27762482
10483327,Q28419463
1732142,Q28457665
17861797,Q28496818
32624608,Q28429811
10454813,Q28429640
26717073,Q27503051
447074,Q27644567
447139,Q27644567
24361114,Q27977881
2952125,Q28517137
22644715,Q28660275
13902330,Q28736428
1468747,Q28736428
3300749,Q28736586
2967520,Q28736555
28888376,Q28228318
1873017,Q28365513
28888402,Q28228318
28888283,Q28228318
5080099,Q28670364
12674456,Q28736420
11369741,Q28736410
13135874,Q28736415
27380735,Q28736404
32496930,Q28752625
11245136,Q29526392
287408,Q30678287
15007082,Q30678287
26669469,Q30678287
2798298,Q30678287
19874156,Q30678287
19104743,Q30134063
24236468,Q30144089
1364899,Q30128265
177835,Q30899968
35229702,Q30887541
8956466,Q30893943
10737634,Q30919360
23266434,Q39075062
3615041,Q30643363
2762659,Q30588157
10353968,Q38780970
27046886,Q41663526
1563948,Q33537890
163478,Q34057231
156641,Q34056965
64291,Q33914977
27964422,Q35275285
32895030,Q33538477
28091651,Q38516451
195246,Q42189086
46757,Q42187379
11669853,Q42184810
23255,Q42186182
1758342,Q42186372
1367442,Q42184418
61499,Q42186328
2602021,Q42185215
14230829,Q42185785
5474169,Q42186733
27042637,Q42186061
14570672,Q42186108
8722919,Q42398037
858597,Q42734196
7882413,Q42524290
1353105,Q47151620
31089227,Q43737758
3954720,Q48741274
33155067,Q48862292
21447315,Q48650884
1252955,Q48549129
29586685,Q47484685
689980,Q48805943
16309183,Q48813769
20194103,Q51077753
31662421,Q51029984
6343334,Q51029839
18895191,Q51029839
28424036,Q50026589
2542546,Q48940450
18500748,Q50026127
35782751,Q48989204
9731626,Q52844621
11943512,Q53385205
25033867,Q55495111
2920077,Q53843645
19844299,Q56277059
30595915,Q56277059
5486692,Q56293509
28519243,Q56322157
30960717,Q56277059
154693,Q55362853
25757250,Q58588316
32656988,Q58608148
16102322,Q58608247
23910007,Q58608858
3744721,Q56744075
909940,Q57399739
2647370,Q57339364
4949692,Q56418943
183851,Q56604219
17286793,Q56345664
20694601,Q56604225
26165523,Q56551064
1743335,Q56117054
31093704,Q56189103
8499752,Q56216438
28149698,Q56216475
7123113,Q61739609
164502,Q61739609
1974799,Q59367368
17998430,Q58466931
18066013,Q58198246
15871997,Q58587981
17618897,Q58191803
31499587,Q57470499
13445119,Q58541780
8982899,Q61820359
1226363,Q60193373
24362247,Q60193373
31322419,Q59928834
19802099,Q59874363
864183,Q60743437
23978412,Q60664082
14511291,Q60756096
2408918,Q60977215
31665107,Q60794501
19626266,Q62618640
29652015,Q61071873
18130859,Q63497778
30335574,Q64027318
8920559,Q63140652
22644980,Q63213409
6851757,Q65074031
14644512,Q61977473
22643643,Q61911849
16304650,Q64398479
5137665,Q64225997
15522364,Q64734183
28761377,Q64685132
77663,Q66087714
15347769,Q66078692
31159050,Q66078692
3569886,Q65084410
9429,Q65090926
19237560,Q65249415
24212548,Q65129990
26261438,Q65027942
30627321,Q65027934
17839341,Q64796769
24479826,Q65473801
33536207,Q66737811
33104406,Q67380988
3723140,Q69421673
24378824,Q70461056
3915041,Q67940989
14873897,Q71735976
30843791,Q71767996
33828385,Q71767996
34648244,Q72621071
26008996,Q79292840
16993468,Q79044981
21141431,Q76464883
33046557,Q81221320
10229432,Q80550259
1191380,Q83533338
7421657,Q81649423
34515901,Q82455779
24166199,Q85124312
4950853,Q87466528
3569957,Q85786125
6274712,Q85806586
19877165,Q85806594
5926353,Q85548118
5876575,Q85772726
5085028,Q85810285
14143414,Q85807358
32405156,Q86753710
30869314,Q85960414
2121431,Q86752540
10608687,Q86753699
9162690,Q86753710
27430655,Q85872853
35005689,Q86753710
28695611,Q86207682
18810744,Q90694587
24601600,Q91435521
34858298,Q91474406
28116713,Q90694587
28116712,Q90409793
11374614,Q96312795
31348311,Q96312784
28397020,Q96312795
29512811,Q96312735
32867197,Q96312738
25614211,Q96312769
4181202,Q96312715
760738,Q94685087
20374262,Q95163249
2383581,Q96269849
10196366,Q96239093
24139276,Q96099447
35294692,Q96269905
29634937,Q96306089
18908625,Q96288390
28888163,Q97657705
25644474,Q89364642
29609434,Q96313214
2629975,Q96373403
13496464,Q96313124
8806024,Q96313204
16780424,Q96409610
2210733,Q96474018
15886920,Q96373403
9245306,Q96313021
32550716,Q96408916
32070836,Q96408916
1273558,Q96409623
18938940,Q96409755
26371114,Q98729781
26369842,Q98729781
32427135,Q97486759
2329964,Q97277128
18658640,Q97292331
33824975,Q97302462
19802449,Q97019431
3654841,Q98635999
23687966,Q98635999
9226340,Q100248940
14375863,Q98974364
21585746,Q99677946
31092702,Q99358576
8699491,Q97896992
29823740,Q97896992
14877669,Q98137915
9222319,Q98081342
1075228,Q104407058
348356,Q100698525
2807539,Q100698344
28889012,Q100997483
358263,Q100698295
13571260,Q100387696
28888572,Q100997483
28889048,Q100997483
12004233,Q101562570
18770600,Q105987500
23895545,Q105987500
33148591,Q103036112
11380361,Q103920800
10746714,Q102918952
4610882,Q104119645
10387172,Q103842961
4815412,Q104092261
33075861,Q103842961
3520031,Q104835706
9990717,Q104917425
28539397,Q104833974
31229166,Q105775136
18625617,Q105714109
31323950,Q106323948
8456178,Q105975154
25587953,Q105962961
3813940,Q106412767
1729915,Q105530874
4828849,Q105393993
18549245,Q105388971
22256043,Q105539431
36388974,Q105517306
26893650,Q105517306
7070728,Q106687739
1365310,Q106764069
8628195,Q106687739
17346041,Q106764069
8719578,Q106564101
9252262,Q106530209
12297466,Q106564101
19996534,Q107079290
7735007,Q107464374
27852719,Q107458915
7123113,Q108150155
31607,Q108009201
32987801,Q108076402
24622889,Q107994703
31158872,Q108501696
2280521,Q106160501
33773022,Q106211445
2209027,Q106202411
7329501,Q108464841
6752142,Q108296527
21030957,Q108438393
8157331,Q108309265
28376888,Q108438359
176762,Q107719019
19109077,Q107519640
1629120,Q107521621
3724251,Q107552520
16353120,Q107360094
10855054,Q107376663
3256132,Q108558054
28182616,Q108821910
28436992,Q108619324
13252298,Q108877525
75266,Q109134750
13496702,Q108962133
8661478,Q109050687
2571385,Q107237726
19847034,Q109391134
23666765,Q109391028
1273572,Q109284453
5671197,Q109471965
32898313,Q110029700
31790682,Q110128479
10377101,Q111009980
19938642,Q109617046
29171260,Q109715507
18978812,Q110529066
19091567,Q110529066
31211258,Q110914332
32943273,Q110914332
29940517,Q110908860
28352793,Q110972638
5667662,Q111397509
17670152,Q111345310
18295339,Q111525734
972970,Q110414978
25728672,Q111201632
23103089,Q111288725
12698715,Q113157580
29965583,Q111621562
32962379,Q111621568
28359749,Q111621553
904877,Q111712367
33034395,Q110813643
4327278,Q110996251
317703,Q110998504
3624149,Q110996251
23666687,Q112200026
28146463,Q112131070
28146464,Q112131070
30083110,Q113270405
14357050,Q112043410
26163439,Q111982590
5480135,Q111755684
31881643,Q111874285
583932,Q113631228
147829,Q113528605
14006254,Q112687063
13837314,Q112686836
9590685,Q112977583
13415189,Q113079578
13417746,Q113079578
16062566,Q113861597
1843039,Q114267591
5646653,Q114270495
9143529,Q114273308
3733842,Q114247681
1208768,Q114277286
62095,Q114271207
68108,Q114267610
27346771,Q114273405
31859432,Q114222994
18700650,Q114276833
4354571,Q114893008
31106274,Q114872121
2154180,Q114967326
825828,Q114870965
3276167,Q114871467
309070,Q114896694
32894499,Q114871532
171568,Q114898209
171568,Q114898291
11891565,Q114967078
27193032,Q114893146
654530,Q114870671
1469871,Q114872383
1256990,Q114871160
11018205,Q114967176
237303,Q114839022
637256,Q114867010
26012433,Q114868824
26818875,Q114868320
656608,Q114866930
24228929,Q114860578
4476914,Q114867706
61505,Q115427434
36339978,Q115295347
21236272,Q116618359
7320866,Q115746234
4600218,Q116280541
8153729,Q116843669
3534336,Q120404362
28887914,Q120441894
16233363,Q120441894
9767560,Q120669834
10396322,Q117328122
18002266,Q117317051
16283621,Q117357507
8940771,Q117311200
32989529,Q120911074
61191,Q121775426
6851697,Q122186265
2069950,Q119424284
27949074,Q122661363
